{
    "counter": {
        "ACTIVE": 428546,
        "INACTIVE": 2,
        "INVALID": 0,
        "MALICIOUS": 0,
        "SANE": 0,
        "VALID": 0,
        "total": 428548
    },
    "percentage": {
        "ACTIVE": 99.99953330782083,
        "INACTIVE": 0.0010287060421049384,
        "INVALID": 0,
        "MALICIOUS": 0,
        "SANE": 0,
        "VALID": 0,
        "total": 100.00056201386293
    }
}