{
    "counter": {
        "ACTIVE": 1052,
        "INACTIVE": 1,
        "INVALID": 0,
        "MALICIOUS": 0,
        "SANE": 0,
        "VALID": 0,
        "total": 1053
    },
    "percentage": {
        "ACTIVE": 99.90503323836657,
        "INACTIVE": 1.3888888888888888,
        "INVALID": 0,
        "MALICIOUS": 0,
        "SANE": 0,
        "VALID": 0,
        "total": 101.29392212725546
    }
}