{
    "counter": {
        "ACTIVE": 380682,
        "INACTIVE": 2,
        "INVALID": 0,
        "MALICIOUS": 0,
        "SANE": 0,
        "VALID": 0,
        "total": 380684
    },
    "percentage": {
        "ACTIVE": 99.99947462987674,
        "INACTIVE": 0.0010287060421049384,
        "INVALID": 0,
        "MALICIOUS": 0,
        "SANE": 0,
        "VALID": 0,
        "total": 100.00050333591885
    }
}