{
    "counter": {
        "ACTIVE": 194965,
        "INACTIVE": 2,
        "INVALID": 0,
        "MALICIOUS": 0,
        "SANE": 0,
        "VALID": 0,
        "total": 194967
    },
    "percentage": {
        "ACTIVE": 99.99897418537496,
        "INACTIVE": 0.0010287060421049384,
        "INVALID": 0,
        "MALICIOUS": 0,
        "SANE": 0,
        "VALID": 0,
        "total": 100.00000289141707
    }
}