{
    "counter": {
        "ACTIVE": 2239,
        "INACTIVE": 1,
        "INVALID": 0,
        "MALICIOUS": 0,
        "SANE": 0,
        "VALID": 0,
        "total": 2240
    },
    "percentage": {
        "ACTIVE": 99.95535714285714,
        "INACTIVE": 1.3333333333333333,
        "INVALID": 0,
        "MALICIOUS": 0,
        "SANE": 0,
        "VALID": 0,
        "total": 101.28869047619047
    }
}