{
    "counter": {
        "ACTIVE": 358677,
        "INACTIVE": 2,
        "INVALID": 0,
        "MALICIOUS": 0,
        "SANE": 0,
        "VALID": 0,
        "total": 358679
    },
    "percentage": {
        "ACTIVE": 99.9994423983562,
        "INACTIVE": 0.0010287060421049384,
        "INVALID": 0,
        "MALICIOUS": 0,
        "SANE": 0,
        "VALID": 0,
        "total": 100.0004711043983
    }
}