{
    "counter": {
        "ACTIVE": 216345,
        "INACTIVE": 2,
        "INVALID": 0,
        "MALICIOUS": 0,
        "SANE": 0,
        "VALID": 0,
        "total": 216347
    },
    "percentage": {
        "ACTIVE": 99.99907555917115,
        "INACTIVE": 0.0010287060421049384,
        "INVALID": 0,
        "MALICIOUS": 0,
        "SANE": 0,
        "VALID": 0,
        "total": 100.00010426521325
    }
}