{
    "counter": {
        "ACTIVE": 1152,
        "INACTIVE": 1,
        "INVALID": 0,
        "MALICIOUS": 0,
        "SANE": 0,
        "VALID": 0,
        "total": 1153
    },
    "percentage": {
        "ACTIVE": 99.91326973113617,
        "INACTIVE": 1.3157894736842106,
        "INVALID": 0,
        "MALICIOUS": 0,
        "SANE": 0,
        "VALID": 0,
        "total": 101.22905920482037
    }
}