{
    "counter": {
        "ACTIVE": 367381,
        "INACTIVE": 2,
        "INVALID": 0,
        "MALICIOUS": 0,
        "SANE": 0,
        "VALID": 0,
        "total": 367383
    },
    "percentage": {
        "ACTIVE": 99.99945560899661,
        "INACTIVE": 0.0010287060421049384,
        "INVALID": 0,
        "MALICIOUS": 0,
        "SANE": 0,
        "VALID": 0,
        "total": 100.00048431503872
    }
}