{
    "counter": {
        "ACTIVE": 264294,
        "INACTIVE": 2,
        "INVALID": 0,
        "MALICIOUS": 0,
        "SANE": 0,
        "VALID": 0,
        "total": 264296
    },
    "percentage": {
        "ACTIVE": 99.99924327269426,
        "INACTIVE": 0.0010287060421049384,
        "INVALID": 0,
        "MALICIOUS": 0,
        "SANE": 0,
        "VALID": 0,
        "total": 100.00027197873636
    }
}