{
    "counter": {
        "ACTIVE": 333,
        "INACTIVE": 1,
        "INVALID": 0,
        "MALICIOUS": 0,
        "SANE": 0,
        "VALID": 0,
        "total": 334
    },
    "percentage": {
        "ACTIVE": 99.7005988023952,
        "INACTIVE": 1.3888888888888888,
        "INVALID": 0,
        "MALICIOUS": 0,
        "SANE": 0,
        "VALID": 0,
        "total": 101.08948769128409
    }
}