{
    "counter": {
        "ACTIVE": 299454,
        "INACTIVE": 2,
        "INVALID": 0,
        "MALICIOUS": 0,
        "SANE": 0,
        "VALID": 0,
        "total": 299456
    },
    "percentage": {
        "ACTIVE": 99.99933212224835,
        "INACTIVE": 0.0010287060421049384,
        "INVALID": 0,
        "MALICIOUS": 0,
        "SANE": 0,
        "VALID": 0,
        "total": 100.00036082829045
    }
}