{
    "counter": {
        "ACTIVE": 429768,
        "INACTIVE": 2,
        "INVALID": 0,
        "MALICIOUS": 0,
        "SANE": 0,
        "VALID": 0,
        "total": 429770
    },
    "percentage": {
        "ACTIVE": 99.99953463480466,
        "INACTIVE": 0.0010287060421049384,
        "INVALID": 0,
        "MALICIOUS": 0,
        "SANE": 0,
        "VALID": 0,
        "total": 100.00056334084677
    }
}