{
    "counter": {
        "ACTIVE": 1127,
        "INACTIVE": 1,
        "INVALID": 0,
        "MALICIOUS": 0,
        "SANE": 0,
        "VALID": 0,
        "total": 1128
    },
    "percentage": {
        "ACTIVE": 99.91134751773049,
        "INACTIVE": 0.26525198938992045,
        "INVALID": 0,
        "MALICIOUS": 0,
        "SANE": 0,
        "VALID": 0,
        "total": 100.17659950712041
    }
}