{
    "counter": {
        "ACTIVE": 1116,
        "INACTIVE": 1,
        "INVALID": 0,
        "MALICIOUS": 0,
        "SANE": 0,
        "VALID": 0,
        "total": 1117
    },
    "percentage": {
        "ACTIVE": 99.91047448522829,
        "INACTIVE": 1.3157894736842106,
        "INVALID": 0,
        "MALICIOUS": 0,
        "SANE": 0,
        "VALID": 0,
        "total": 101.2262639589125
    }
}