{
    "counter": {
        "ACTIVE": 377834,
        "INACTIVE": 2,
        "INVALID": 0,
        "MALICIOUS": 0,
        "SANE": 0,
        "VALID": 0,
        "total": 377836
    },
    "percentage": {
        "ACTIVE": 99.99947066981441,
        "INACTIVE": 0.0010287060421049384,
        "INVALID": 0,
        "MALICIOUS": 0,
        "SANE": 0,
        "VALID": 0,
        "total": 100.00049937585652
    }
}