{
    "counter": {
        "ACTIVE": 2206,
        "INACTIVE": 4,
        "INVALID": 0,
        "MALICIOUS": 0,
        "SANE": 0,
        "VALID": 0,
        "total": 2210
    },
    "percentage": {
        "ACTIVE": 99.81900452488688,
        "INACTIVE": 0.186219739292365,
        "INVALID": 0,
        "MALICIOUS": 0,
        "SANE": 0,
        "VALID": 0,
        "total": 100.00522426417925
    }
}