{
    "counter": {
        "ACTIVE": 2085,
        "INACTIVE": 4,
        "INVALID": 0,
        "MALICIOUS": 0,
        "SANE": 0,
        "VALID": 0,
        "total": 2089
    },
    "percentage": {
        "ACTIVE": 99.80852082336045,
        "INACTIVE": 0.20273694880892043,
        "INVALID": 0,
        "MALICIOUS": 0,
        "SANE": 0,
        "VALID": 0,
        "total": 100.01125777216937
    }
}