{
    "counter": {
        "ACTIVE": 660,
        "INACTIVE": 1,
        "INVALID": 0,
        "MALICIOUS": 0,
        "SANE": 0,
        "VALID": 0,
        "total": 661
    },
    "percentage": {
        "ACTIVE": 99.84871406959152,
        "INACTIVE": 0.24509803921568626,
        "INVALID": 0,
        "MALICIOUS": 0,
        "SANE": 0,
        "VALID": 0,
        "total": 100.09381210880721
    }
}