{
    "counter": {
        "ACTIVE": 1939,
        "INACTIVE": 4,
        "INVALID": 0,
        "MALICIOUS": 0,
        "SANE": 0,
        "VALID": 0,
        "total": 1943
    },
    "percentage": {
        "ACTIVE": 99.79413278435409,
        "INACTIVE": 0.31645569620253167,
        "INVALID": 0,
        "MALICIOUS": 0,
        "SANE": 0,
        "VALID": 0,
        "total": 100.11058848055663
    }
}