{
    "counter": {
        "ACTIVE": 301774,
        "INACTIVE": 2,
        "INVALID": 0,
        "MALICIOUS": 0,
        "SANE": 0,
        "VALID": 0,
        "total": 301776
    },
    "percentage": {
        "ACTIVE": 99.99933725677323,
        "INACTIVE": 0.0010287060421049384,
        "INVALID": 0,
        "MALICIOUS": 0,
        "SANE": 0,
        "VALID": 0,
        "total": 100.00036596281534
    }
}