{
    "counter": {
        "ACTIVE": 433605,
        "INACTIVE": 2,
        "INVALID": 0,
        "MALICIOUS": 0,
        "SANE": 0,
        "VALID": 0,
        "total": 433607
    },
    "percentage": {
        "ACTIVE": 99.99953875283379,
        "INACTIVE": 0.0010287060421049384,
        "INVALID": 0,
        "MALICIOUS": 0,
        "SANE": 0,
        "VALID": 0,
        "total": 100.00056745887589
    }
}