{
    "counter": {
        "ACTIVE": 348153,
        "INACTIVE": 2,
        "INVALID": 0,
        "MALICIOUS": 0,
        "SANE": 0,
        "VALID": 0,
        "total": 348155
    },
    "percentage": {
        "ACTIVE": 99.9994255432207,
        "INACTIVE": 0.0010287060421049384,
        "INVALID": 0,
        "MALICIOUS": 0,
        "SANE": 0,
        "VALID": 0,
        "total": 100.0004542492628
    }
}