{
    "counter": {
        "ACTIVE": 389725,
        "INACTIVE": 2,
        "INVALID": 0,
        "MALICIOUS": 0,
        "SANE": 0,
        "VALID": 0,
        "total": 389727
    },
    "percentage": {
        "ACTIVE": 99.99948682026137,
        "INACTIVE": 0.0010287060421049384,
        "INVALID": 0,
        "MALICIOUS": 0,
        "SANE": 0,
        "VALID": 0,
        "total": 100.00051552630347
    }
}