{
    "counter": {
        "ACTIVE": 417803,
        "INACTIVE": 2,
        "INVALID": 0,
        "MALICIOUS": 0,
        "SANE": 0,
        "VALID": 0,
        "total": 417805
    },
    "percentage": {
        "ACTIVE": 99.99952130778712,
        "INACTIVE": 0.0010287060421049384,
        "INVALID": 0,
        "MALICIOUS": 0,
        "SANE": 0,
        "VALID": 0,
        "total": 100.00055001382923
    }
}