{
    "counter": {
        "ACTIVE": 269551,
        "INACTIVE": 2,
        "INVALID": 0,
        "MALICIOUS": 0,
        "SANE": 0,
        "VALID": 0,
        "total": 269553
    },
    "percentage": {
        "ACTIVE": 99.99925803088817,
        "INACTIVE": 0.0010287060421049384,
        "INVALID": 0,
        "MALICIOUS": 0,
        "SANE": 0,
        "VALID": 0,
        "total": 100.00028673693028
    }
}