{
    "counter": {
        "ACTIVE": 450650,
        "INACTIVE": 2,
        "INVALID": 0,
        "MALICIOUS": 0,
        "SANE": 0,
        "VALID": 0,
        "total": 450652
    },
    "percentage": {
        "ACTIVE": 99.99955619857451,
        "INACTIVE": 0.0010287060421049384,
        "INVALID": 0,
        "MALICIOUS": 0,
        "SANE": 0,
        "VALID": 0,
        "total": 100.00058490461662
    }
}