{
    "counter": {
        "ACTIVE": 445,
        "INACTIVE": 4,
        "INVALID": 0,
        "MALICIOUS": 0,
        "SANE": 0,
        "VALID": 0,
        "total": 449
    },
    "percentage": {
        "ACTIVE": 99.10913140311804,
        "INACTIVE": 0.9732360097323601,
        "INVALID": 0,
        "MALICIOUS": 0,
        "SANE": 0,
        "VALID": 0,
        "total": 100.0823674128504
    }
}