{
    "counter": {
        "ACTIVE": 415655,
        "INACTIVE": 2,
        "INVALID": 0,
        "MALICIOUS": 0,
        "SANE": 0,
        "VALID": 0,
        "total": 415657
    },
    "percentage": {
        "ACTIVE": 99.99951883403864,
        "INACTIVE": 0.0010287060421049384,
        "INVALID": 0,
        "MALICIOUS": 0,
        "SANE": 0,
        "VALID": 0,
        "total": 100.00054754008075
    }
}