{
    "counter": {
        "ACTIVE": 1449,
        "INACTIVE": 1,
        "INVALID": 0,
        "MALICIOUS": 0,
        "SANE": 0,
        "VALID": 0,
        "total": 1450
    },
    "percentage": {
        "ACTIVE": 99.93103448275862,
        "INACTIVE": 0.07955449482895784,
        "INVALID": 0,
        "MALICIOUS": 0,
        "SANE": 0,
        "VALID": 0,
        "total": 100.01058897758757
    }
}