{
    "counter": {
        "ACTIVE": 110531,
        "INACTIVE": 1,
        "INVALID": 0,
        "MALICIOUS": 0,
        "SANE": 0,
        "VALID": 0,
        "total": 110532
    },
    "percentage": {
        "ACTIVE": 99.99909528462345,
        "INACTIVE": 0.0015060014156413307,
        "INVALID": 0,
        "MALICIOUS": 0,
        "SANE": 0,
        "VALID": 0,
        "total": 100.00060128603909
    }
}