{
    "counter": {
        "ACTIVE": 357950,
        "INACTIVE": 2,
        "INVALID": 0,
        "MALICIOUS": 0,
        "SANE": 0,
        "VALID": 0,
        "total": 357952
    },
    "percentage": {
        "ACTIVE": 99.99944126586804,
        "INACTIVE": 0.0010287060421049384,
        "INVALID": 0,
        "MALICIOUS": 0,
        "SANE": 0,
        "VALID": 0,
        "total": 100.00046997191015
    }
}