{
    "counter": {
        "ACTIVE": 932,
        "INACTIVE": 1,
        "INVALID": 0,
        "MALICIOUS": 0,
        "SANE": 0,
        "VALID": 0,
        "total": 933
    },
    "percentage": {
        "ACTIVE": 99.89281886387995,
        "INACTIVE": 0.11074197120708748,
        "INVALID": 0,
        "MALICIOUS": 0,
        "SANE": 0,
        "VALID": 0,
        "total": 100.00356083508704
    }
}