{
    "counter": {
        "ACTIVE": 1051,
        "INACTIVE": 6,
        "INVALID": 0,
        "MALICIOUS": 0,
        "SANE": 0,
        "VALID": 0,
        "total": 1057
    },
    "percentage": {
        "ACTIVE": 99.43235572374645,
        "INACTIVE": 0.730816077953715,
        "INVALID": 0,
        "MALICIOUS": 0,
        "SANE": 0,
        "VALID": 0,
        "total": 100.16317180170017
    }
}