{
    "counter": {
        "ACTIVE": 299018,
        "INACTIVE": 2,
        "INVALID": 0,
        "MALICIOUS": 0,
        "SANE": 0,
        "VALID": 0,
        "total": 299020
    },
    "percentage": {
        "ACTIVE": 99.99933114841816,
        "INACTIVE": 0.0010287060421049384,
        "INVALID": 0,
        "MALICIOUS": 0,
        "SANE": 0,
        "VALID": 0,
        "total": 100.00035985446027
    }
}