{
    "counter": {
        "ACTIVE": 320477,
        "INACTIVE": 2,
        "INVALID": 0,
        "MALICIOUS": 0,
        "SANE": 0,
        "VALID": 0,
        "total": 320479
    },
    "percentage": {
        "ACTIVE": 99.99937593414857,
        "INACTIVE": 0.0010287060421049384,
        "INVALID": 0,
        "MALICIOUS": 0,
        "SANE": 0,
        "VALID": 0,
        "total": 100.00040464019068
    }
}