{
    "counter": {
        "ACTIVE": 372568,
        "INACTIVE": 2,
        "INVALID": 0,
        "MALICIOUS": 0,
        "SANE": 0,
        "VALID": 0,
        "total": 372570
    },
    "percentage": {
        "ACTIVE": 99.99946318812572,
        "INACTIVE": 0.0010287060421049384,
        "INVALID": 0,
        "MALICIOUS": 0,
        "SANE": 0,
        "VALID": 0,
        "total": 100.00049189416782
    }
}