{
    "counter": {
        "ACTIVE": 311104,
        "INACTIVE": 2,
        "INVALID": 0,
        "MALICIOUS": 0,
        "SANE": 0,
        "VALID": 0,
        "total": 311106
    },
    "percentage": {
        "ACTIVE": 99.99935713229574,
        "INACTIVE": 0.0010287060421049384,
        "INVALID": 0,
        "MALICIOUS": 0,
        "SANE": 0,
        "VALID": 0,
        "total": 100.00038583833785
    }
}