{
    "counter": {
        "ACTIVE": 360318,
        "INACTIVE": 2,
        "INVALID": 0,
        "MALICIOUS": 0,
        "SANE": 0,
        "VALID": 0,
        "total": 360320
    },
    "percentage": {
        "ACTIVE": 99.99944493783303,
        "INACTIVE": 0.0010287060421049384,
        "INVALID": 0,
        "MALICIOUS": 0,
        "SANE": 0,
        "VALID": 0,
        "total": 100.00047364387514
    }
}