{
    "counter": {
        "ACTIVE": 275269,
        "INACTIVE": 2,
        "INVALID": 0,
        "MALICIOUS": 0,
        "SANE": 0,
        "VALID": 0,
        "total": 275271
    },
    "percentage": {
        "ACTIVE": 99.99927344326137,
        "INACTIVE": 0.0010287060421049384,
        "INVALID": 0,
        "MALICIOUS": 0,
        "SANE": 0,
        "VALID": 0,
        "total": 100.00030214930348
    }
}