{
    "counter": {
        "ACTIVE": 482,
        "INACTIVE": 1,
        "INVALID": 0,
        "MALICIOUS": 0,
        "SANE": 0,
        "VALID": 0,
        "total": 483
    },
    "percentage": {
        "ACTIVE": 99.79296066252589,
        "INACTIVE": 0.5208333333333334,
        "INVALID": 0,
        "MALICIOUS": 0,
        "SANE": 0,
        "VALID": 0,
        "total": 100.31379399585921
    }
}