{
    "counter": {
        "ACTIVE": 270316,
        "INACTIVE": 2,
        "INVALID": 0,
        "MALICIOUS": 0,
        "SANE": 0,
        "VALID": 0,
        "total": 270318
    },
    "percentage": {
        "ACTIVE": 99.99926013066093,
        "INACTIVE": 0.0010287060421049384,
        "INVALID": 0,
        "MALICIOUS": 0,
        "SANE": 0,
        "VALID": 0,
        "total": 100.00028883670304
    }
}