{
    "counter": {
        "ACTIVE": 290777,
        "INACTIVE": 2,
        "INVALID": 0,
        "MALICIOUS": 0,
        "SANE": 0,
        "VALID": 0,
        "total": 290779
    },
    "percentage": {
        "ACTIVE": 99.99931219242104,
        "INACTIVE": 0.0010287060421049384,
        "INVALID": 0,
        "MALICIOUS": 0,
        "SANE": 0,
        "VALID": 0,
        "total": 100.00034089846315
    }
}