{
    "counter": {
        "ACTIVE": 2230,
        "INACTIVE": 6,
        "INVALID": 0,
        "MALICIOUS": 0,
        "SANE": 0,
        "VALID": 0,
        "total": 2236
    },
    "percentage": {
        "ACTIVE": 99.73166368515206,
        "INACTIVE": 0.31315240083507306,
        "INVALID": 0,
        "MALICIOUS": 0,
        "SANE": 0,
        "VALID": 0,
        "total": 100.04481608598714
    }
}