{
    "counter": {
        "ACTIVE": 1023,
        "INACTIVE": 1,
        "INVALID": 0,
        "MALICIOUS": 0,
        "SANE": 0,
        "VALID": 0,
        "total": 1024
    },
    "percentage": {
        "ACTIVE": 99.90234375,
        "INACTIVE": 0.36101083032490977,
        "INVALID": 0,
        "MALICIOUS": 0,
        "SANE": 0,
        "VALID": 0,
        "total": 100.26335458032491
    }
}