{
    "counter": {
        "ACTIVE": 456305,
        "INACTIVE": 2,
        "INVALID": 0,
        "MALICIOUS": 0,
        "SANE": 0,
        "VALID": 0,
        "total": 456307
    },
    "percentage": {
        "ACTIVE": 99.99956169859327,
        "INACTIVE": 0.0010287060421049384,
        "INVALID": 0,
        "MALICIOUS": 0,
        "SANE": 0,
        "VALID": 0,
        "total": 100.00059040463537
    }
}