{
    "counter": {
        "ACTIVE": 390421,
        "INACTIVE": 2,
        "INVALID": 0,
        "MALICIOUS": 0,
        "SANE": 0,
        "VALID": 0,
        "total": 390423
    },
    "percentage": {
        "ACTIVE": 99.99948773509757,
        "INACTIVE": 0.0010287060421049384,
        "INVALID": 0,
        "MALICIOUS": 0,
        "SANE": 0,
        "VALID": 0,
        "total": 100.00051644113968
    }
}