{
    "counter": {
        "ACTIVE": 384483,
        "INACTIVE": 2,
        "INVALID": 0,
        "MALICIOUS": 0,
        "SANE": 0,
        "VALID": 0,
        "total": 384485
    },
    "percentage": {
        "ACTIVE": 99.99947982366022,
        "INACTIVE": 0.0010287060421049384,
        "INVALID": 0,
        "MALICIOUS": 0,
        "SANE": 0,
        "VALID": 0,
        "total": 100.00050852970233
    }
}