{
    "counter": {
        "ACTIVE": 1012,
        "INACTIVE": 36,
        "INVALID": 0,
        "MALICIOUS": 0,
        "SANE": 0,
        "VALID": 0,
        "total": 1048
    },
    "percentage": {
        "ACTIVE": 98.44357976653697,
        "INACTIVE": 3.435114503816794,
        "INVALID": 0,
        "MALICIOUS": 0,
        "SANE": 0,
        "VALID": 0,
        "total": 101.87869427035376
    }
}