{
    "counter": {
        "ACTIVE": 248168,
        "INACTIVE": 2,
        "INVALID": 0,
        "MALICIOUS": 0,
        "SANE": 0,
        "VALID": 0,
        "total": 248170
    },
    "percentage": {
        "ACTIVE": 99.99919410081799,
        "INACTIVE": 0.0010287060421049384,
        "INVALID": 0,
        "MALICIOUS": 0,
        "SANE": 0,
        "VALID": 0,
        "total": 100.0002228068601
    }
}