{
    "counter": {
        "ACTIVE": 272724,
        "INACTIVE": 2,
        "INVALID": 0,
        "MALICIOUS": 0,
        "SANE": 0,
        "VALID": 0,
        "total": 272726
    },
    "percentage": {
        "ACTIVE": 99.99926666324443,
        "INACTIVE": 0.0010287060421049384,
        "INVALID": 0,
        "MALICIOUS": 0,
        "SANE": 0,
        "VALID": 0,
        "total": 100.00029536928653
    }
}