{
    "counter": {
        "ACTIVE": 366838,
        "INACTIVE": 2,
        "INVALID": 0,
        "MALICIOUS": 0,
        "SANE": 0,
        "VALID": 0,
        "total": 366840
    },
    "percentage": {
        "ACTIVE": 99.99945480318395,
        "INACTIVE": 0.0010287060421049384,
        "INVALID": 0,
        "MALICIOUS": 0,
        "SANE": 0,
        "VALID": 0,
        "total": 100.00048350922606
    }
}