{
    "counter": {
        "ACTIVE": 116847,
        "INACTIVE": 1,
        "INVALID": 0,
        "MALICIOUS": 0,
        "SANE": 0,
        "VALID": 0,
        "total": 116848
    },
    "percentage": {
        "ACTIVE": 99.99914418732028,
        "INACTIVE": 0.0015060014156413307,
        "INVALID": 0,
        "MALICIOUS": 0,
        "SANE": 0,
        "VALID": 0,
        "total": 100.00065018873592
    }
}