{
    "counter": {
        "ACTIVE": 120852,
        "INACTIVE": 0,
        "INVALID": 0,
        "MALICIOUS": 0,
        "SANE": 0,
        "VALID": 0,
        "total": 120852
    },
    "percentage": {
        "ACTIVE": 99.9991685374574,
        "INACTIVE": 0.0015060014156413307,
        "INVALID": 0,
        "MALICIOUS": 0,
        "SANE": 0,
        "VALID": 0,
        "total": 100.00067453887303
    }
}