{
    "counter": {
        "ACTIVE": 1829,
        "INACTIVE": 2,
        "INVALID": 0,
        "MALICIOUS": 0,
        "SANE": 0,
        "VALID": 0,
        "total": 1831
    },
    "percentage": {
        "ACTIVE": 99.89077007099945,
        "INACTIVE": 0.30721966205837176,
        "INVALID": 0,
        "MALICIOUS": 0,
        "SANE": 0,
        "VALID": 0,
        "total": 100.19798973305782
    }
}