{
    "counter": {
        "ACTIVE": 409437,
        "INACTIVE": 2,
        "INVALID": 0,
        "MALICIOUS": 0,
        "SANE": 0,
        "VALID": 0,
        "total": 409439
    },
    "percentage": {
        "ACTIVE": 99.99951152674757,
        "INACTIVE": 0.0010287060421049384,
        "INVALID": 0,
        "MALICIOUS": 0,
        "SANE": 0,
        "VALID": 0,
        "total": 100.00054023278967
    }
}