{
    "counter": {
        "ACTIVE": 465731,
        "INACTIVE": 2,
        "INVALID": 0,
        "MALICIOUS": 0,
        "SANE": 0,
        "VALID": 0,
        "total": 465733
    },
    "percentage": {
        "ACTIVE": 99.9995705694035,
        "INACTIVE": 0.0010287060421049384,
        "INVALID": 0,
        "MALICIOUS": 0,
        "SANE": 0,
        "VALID": 0,
        "total": 100.00059927544561
    }
}