{
    "counter": {
        "ACTIVE": 353796,
        "INACTIVE": 2,
        "INVALID": 0,
        "MALICIOUS": 0,
        "SANE": 0,
        "VALID": 0,
        "total": 353798
    },
    "percentage": {
        "ACTIVE": 99.9994347056795,
        "INACTIVE": 0.0010287060421049384,
        "INVALID": 0,
        "MALICIOUS": 0,
        "SANE": 0,
        "VALID": 0,
        "total": 100.00046341172161
    }
}