{
    "counter": {
        "ACTIVE": 408543,
        "INACTIVE": 2,
        "INVALID": 0,
        "MALICIOUS": 0,
        "SANE": 0,
        "VALID": 0,
        "total": 408545
    },
    "percentage": {
        "ACTIVE": 99.9995104578443,
        "INACTIVE": 0.0010287060421049384,
        "INVALID": 0,
        "MALICIOUS": 0,
        "SANE": 0,
        "VALID": 0,
        "total": 100.0005391638864
    }
}