{
    "counter": {
        "ACTIVE": 2092,
        "INACTIVE": 2,
        "INVALID": 0,
        "MALICIOUS": 0,
        "SANE": 0,
        "VALID": 0,
        "total": 2094
    },
    "percentage": {
        "ACTIVE": 99.90448901623687,
        "INACTIVE": 0.09823182711198428,
        "INVALID": 0,
        "MALICIOUS": 0,
        "SANE": 0,
        "VALID": 0,
        "total": 100.00272084334885
    }
}