{
    "counter": {
        "ACTIVE": 662,
        "INACTIVE": 4,
        "INVALID": 0,
        "MALICIOUS": 0,
        "SANE": 0,
        "VALID": 0,
        "total": 666
    },
    "percentage": {
        "ACTIVE": 99.3993993993994,
        "INACTIVE": 1.0389610389610389,
        "INVALID": 0,
        "MALICIOUS": 0,
        "SANE": 0,
        "VALID": 0,
        "total": 100.43836043836043
    }
}