{
    "counter": {
        "ACTIVE": 1197,
        "INACTIVE": 1,
        "INVALID": 0,
        "MALICIOUS": 0,
        "SANE": 0,
        "VALID": 0,
        "total": 1198
    },
    "percentage": {
        "ACTIVE": 99.91652754590984,
        "INACTIVE": 0.20964360587002095,
        "INVALID": 0,
        "MALICIOUS": 0,
        "SANE": 0,
        "VALID": 0,
        "total": 100.12617115177987
    }
}