{
    "counter": {
        "ACTIVE": 1769,
        "INACTIVE": 3,
        "INVALID": 0,
        "MALICIOUS": 0,
        "SANE": 0,
        "VALID": 0,
        "total": 1772
    },
    "percentage": {
        "ACTIVE": 99.83069977426636,
        "INACTIVE": 0.1697792869269949,
        "INVALID": 0,
        "MALICIOUS": 0,
        "SANE": 0,
        "VALID": 0,
        "total": 100.00047906119336
    }
}