{
    "counter": {
        "ACTIVE": 392694,
        "INACTIVE": 2,
        "INVALID": 0,
        "MALICIOUS": 0,
        "SANE": 0,
        "VALID": 0,
        "total": 392696
    },
    "percentage": {
        "ACTIVE": 99.99949070018539,
        "INACTIVE": 0.0010287060421049384,
        "INVALID": 0,
        "MALICIOUS": 0,
        "SANE": 0,
        "VALID": 0,
        "total": 100.0005194062275
    }
}