{
    "counter": {
        "ACTIVE": 2238,
        "INACTIVE": 1,
        "INVALID": 0,
        "MALICIOUS": 0,
        "SANE": 0,
        "VALID": 0,
        "total": 2239
    },
    "percentage": {
        "ACTIVE": 99.95533720410897,
        "INACTIVE": 0.05107252298263534,
        "INVALID": 0,
        "MALICIOUS": 0,
        "SANE": 0,
        "VALID": 0,
        "total": 100.00640972709161
    }
}