{
    "counter": {
        "ACTIVE": 1841,
        "INACTIVE": 2,
        "INVALID": 0,
        "MALICIOUS": 0,
        "SANE": 0,
        "VALID": 0,
        "total": 1843
    },
    "percentage": {
        "ACTIVE": 99.89148128052089,
        "INACTIVE": 0.16326530612244897,
        "INVALID": 0,
        "MALICIOUS": 0,
        "SANE": 0,
        "VALID": 0,
        "total": 100.05474658664335
    }
}