{
    "counter": {
        "ACTIVE": 429891,
        "INACTIVE": 2,
        "INVALID": 0,
        "MALICIOUS": 0,
        "SANE": 0,
        "VALID": 0,
        "total": 429893
    },
    "percentage": {
        "ACTIVE": 99.99953476795389,
        "INACTIVE": 0.0010287060421049384,
        "INVALID": 0,
        "MALICIOUS": 0,
        "SANE": 0,
        "VALID": 0,
        "total": 100.000563473996
    }
}