{
    "counter": {
        "ACTIVE": 1210,
        "INACTIVE": 1,
        "INVALID": 0,
        "MALICIOUS": 0,
        "SANE": 0,
        "VALID": 0,
        "total": 1211
    },
    "percentage": {
        "ACTIVE": 99.91742361684558,
        "INACTIVE": 0.35714285714285715,
        "INVALID": 0,
        "MALICIOUS": 0,
        "SANE": 0,
        "VALID": 0,
        "total": 100.27456647398844
    }
}