{
    "counter": {
        "ACTIVE": 361667,
        "INACTIVE": 2,
        "INVALID": 0,
        "MALICIOUS": 0,
        "SANE": 0,
        "VALID": 0,
        "total": 361669
    },
    "percentage": {
        "ACTIVE": 99.99944700817598,
        "INACTIVE": 0.0010287060421049384,
        "INVALID": 0,
        "MALICIOUS": 0,
        "SANE": 0,
        "VALID": 0,
        "total": 100.00047571421808
    }
}