{
    "counter": {
        "ACTIVE": 364418,
        "INACTIVE": 2,
        "INVALID": 0,
        "MALICIOUS": 0,
        "SANE": 0,
        "VALID": 0,
        "total": 364420
    },
    "percentage": {
        "ACTIVE": 99.99945118270128,
        "INACTIVE": 0.0010287060421049384,
        "INVALID": 0,
        "MALICIOUS": 0,
        "SANE": 0,
        "VALID": 0,
        "total": 100.00047988874339
    }
}