{
    "counter": {
        "ACTIVE": 290480,
        "INACTIVE": 2,
        "INVALID": 0,
        "MALICIOUS": 0,
        "SANE": 0,
        "VALID": 0,
        "total": 290482
    },
    "percentage": {
        "ACTIVE": 99.99931148918006,
        "INACTIVE": 0.0010287060421049384,
        "INVALID": 0,
        "MALICIOUS": 0,
        "SANE": 0,
        "VALID": 0,
        "total": 100.00034019522217
    }
}