{
    "counter": {
        "ACTIVE": 356436,
        "INACTIVE": 2,
        "INVALID": 0,
        "MALICIOUS": 0,
        "SANE": 0,
        "VALID": 0,
        "total": 356438
    },
    "percentage": {
        "ACTIVE": 99.99943889259843,
        "INACTIVE": 0.0010287060421049384,
        "INVALID": 0,
        "MALICIOUS": 0,
        "SANE": 0,
        "VALID": 0,
        "total": 100.00046759864054
    }
}