{
    "counter": {
        "ACTIVE": 2237,
        "INACTIVE": 1,
        "INVALID": 0,
        "MALICIOUS": 0,
        "SANE": 0,
        "VALID": 0,
        "total": 2238
    },
    "percentage": {
        "ACTIVE": 99.95531724754245,
        "INACTIVE": 0.06882312456985547,
        "INVALID": 0,
        "MALICIOUS": 0,
        "SANE": 0,
        "VALID": 0,
        "total": 100.02414037211231
    }
}