{
    "counter": {
        "ACTIVE": 427558,
        "INACTIVE": 2,
        "INVALID": 0,
        "MALICIOUS": 0,
        "SANE": 0,
        "VALID": 0,
        "total": 427560
    },
    "percentage": {
        "ACTIVE": 99.9995322293947,
        "INACTIVE": 0.0010287060421049384,
        "INVALID": 0,
        "MALICIOUS": 0,
        "SANE": 0,
        "VALID": 0,
        "total": 100.00056093543681
    }
}