{
    "counter": {
        "ACTIVE": 336397,
        "INACTIVE": 2,
        "INVALID": 0,
        "MALICIOUS": 0,
        "SANE": 0,
        "VALID": 0,
        "total": 336399
    },
    "percentage": {
        "ACTIVE": 99.99940546791161,
        "INACTIVE": 0.0010287060421049384,
        "INVALID": 0,
        "MALICIOUS": 0,
        "SANE": 0,
        "VALID": 0,
        "total": 100.00043417395372
    }
}