{
    "counter": {
        "ACTIVE": 94451,
        "INACTIVE": 0,
        "INVALID": 0,
        "MALICIOUS": 0,
        "SANE": 0,
        "VALID": 0,
        "total": 94451
    },
    "percentage": {
        "ACTIVE": 99.99893292357599,
        "INACTIVE": 0.0015060014156413307,
        "INVALID": 0,
        "MALICIOUS": 0,
        "SANE": 0,
        "VALID": 0,
        "total": 100.00043892499163
    }
}