{
    "counter": {
        "ACTIVE": 422558,
        "INACTIVE": 2,
        "INVALID": 0,
        "MALICIOUS": 0,
        "SANE": 0,
        "VALID": 0,
        "total": 422560
    },
    "percentage": {
        "ACTIVE": 99.99952669443392,
        "INACTIVE": 0.0010287060421049384,
        "INVALID": 0,
        "MALICIOUS": 0,
        "SANE": 0,
        "VALID": 0,
        "total": 100.00055540047603
    }
}