{
    "counter": {
        "ACTIVE": 2073,
        "INACTIVE": 3,
        "INVALID": 0,
        "MALICIOUS": 0,
        "SANE": 0,
        "VALID": 0,
        "total": 2076
    },
    "percentage": {
        "ACTIVE": 99.85549132947978,
        "INACTIVE": 0.20618556701030927,
        "INVALID": 0,
        "MALICIOUS": 0,
        "SANE": 0,
        "VALID": 0,
        "total": 100.06167689649008
    }
}