{
    "counter": {
        "ACTIVE": 457987,
        "INACTIVE": 2,
        "INVALID": 0,
        "MALICIOUS": 0,
        "SANE": 0,
        "VALID": 0,
        "total": 457989
    },
    "percentage": {
        "ACTIVE": 99.99956330828907,
        "INACTIVE": 0.0010287060421049384,
        "INVALID": 0,
        "MALICIOUS": 0,
        "SANE": 0,
        "VALID": 0,
        "total": 100.00059201433118
    }
}