{
    "counter": {
        "ACTIVE": 1183,
        "INACTIVE": 1,
        "INVALID": 0,
        "MALICIOUS": 0,
        "SANE": 0,
        "VALID": 0,
        "total": 1184
    },
    "percentage": {
        "ACTIVE": 99.91554054054055,
        "INACTIVE": 1.3157894736842106,
        "INVALID": 0,
        "MALICIOUS": 0,
        "SANE": 0,
        "VALID": 0,
        "total": 101.23133001422475
    }
}