{
    "counter": {
        "ACTIVE": 421268,
        "INACTIVE": 2,
        "INVALID": 0,
        "MALICIOUS": 0,
        "SANE": 0,
        "VALID": 0,
        "total": 421270
    },
    "percentage": {
        "ACTIVE": 99.99952524509222,
        "INACTIVE": 0.0010287060421049384,
        "INVALID": 0,
        "MALICIOUS": 0,
        "SANE": 0,
        "VALID": 0,
        "total": 100.00055395113432
    }
}