{
    "counter": {
        "ACTIVE": 351214,
        "INACTIVE": 2,
        "INVALID": 0,
        "MALICIOUS": 0,
        "SANE": 0,
        "VALID": 0,
        "total": 351216
    },
    "percentage": {
        "ACTIVE": 99.99943054986106,
        "INACTIVE": 0.0010287060421049384,
        "INVALID": 0,
        "MALICIOUS": 0,
        "SANE": 0,
        "VALID": 0,
        "total": 100.00045925590317
    }
}