{
    "counter": {
        "ACTIVE": 323959,
        "INACTIVE": 2,
        "INVALID": 0,
        "MALICIOUS": 0,
        "SANE": 0,
        "VALID": 0,
        "total": 323961
    },
    "percentage": {
        "ACTIVE": 99.99938264173774,
        "INACTIVE": 0.0010287060421049384,
        "INVALID": 0,
        "MALICIOUS": 0,
        "SANE": 0,
        "VALID": 0,
        "total": 100.00041134777985
    }
}