{
    "counter": {
        "ACTIVE": 2080,
        "INACTIVE": 8,
        "INVALID": 0,
        "MALICIOUS": 0,
        "SANE": 0,
        "VALID": 0,
        "total": 2088
    },
    "percentage": {
        "ACTIVE": 99.61685823754789,
        "INACTIVE": 0.4471771939631079,
        "INVALID": 0,
        "MALICIOUS": 0,
        "SANE": 0,
        "VALID": 0,
        "total": 100.064035431511
    }
}