{
    "counter": {
        "ACTIVE": 2059,
        "INACTIVE": 1,
        "INVALID": 0,
        "MALICIOUS": 0,
        "SANE": 0,
        "VALID": 0,
        "total": 2060
    },
    "percentage": {
        "ACTIVE": 99.95145631067962,
        "INACTIVE": 0.05178663904712584,
        "INVALID": 0,
        "MALICIOUS": 0,
        "SANE": 0,
        "VALID": 0,
        "total": 100.00324294972674
    }
}