{
    "counter": {
        "ACTIVE": 322046,
        "INACTIVE": 2,
        "INVALID": 0,
        "MALICIOUS": 0,
        "SANE": 0,
        "VALID": 0,
        "total": 322048
    },
    "percentage": {
        "ACTIVE": 99.9993789745628,
        "INACTIVE": 0.0010287060421049384,
        "INVALID": 0,
        "MALICIOUS": 0,
        "SANE": 0,
        "VALID": 0,
        "total": 100.00040768060491
    }
}