{
    "counter": {
        "ACTIVE": 436777,
        "INACTIVE": 2,
        "INVALID": 0,
        "MALICIOUS": 0,
        "SANE": 0,
        "VALID": 0,
        "total": 436779
    },
    "percentage": {
        "ACTIVE": 99.99954210252783,
        "INACTIVE": 0.0010287060421049384,
        "INVALID": 0,
        "MALICIOUS": 0,
        "SANE": 0,
        "VALID": 0,
        "total": 100.00057080856993
    }
}