{
    "counter": {
        "ACTIVE": 441315,
        "INACTIVE": 2,
        "INVALID": 0,
        "MALICIOUS": 0,
        "SANE": 0,
        "VALID": 0,
        "total": 441317
    },
    "percentage": {
        "ACTIVE": 99.99954681102247,
        "INACTIVE": 0.0010287060421049384,
        "INVALID": 0,
        "MALICIOUS": 0,
        "SANE": 0,
        "VALID": 0,
        "total": 100.00057551706458
    }
}