{
    "counter": {
        "ACTIVE": 446406,
        "INACTIVE": 2,
        "INVALID": 0,
        "MALICIOUS": 0,
        "SANE": 0,
        "VALID": 0,
        "total": 446408
    },
    "percentage": {
        "ACTIVE": 99.9995519793552,
        "INACTIVE": 0.0010287060421049384,
        "INVALID": 0,
        "MALICIOUS": 0,
        "SANE": 0,
        "VALID": 0,
        "total": 100.00058068539731
    }
}