{
    "counter": {
        "ACTIVE": 225199,
        "INACTIVE": 2,
        "INVALID": 0,
        "MALICIOUS": 0,
        "SANE": 0,
        "VALID": 0,
        "total": 225201
    },
    "percentage": {
        "ACTIVE": 99.99911190447645,
        "INACTIVE": 0.001029606330019717,
        "INVALID": 0,
        "MALICIOUS": 0,
        "SANE": 0,
        "VALID": 0,
        "total": 100.00014151080647
    }
}