{
    "counter": {
        "ACTIVE": 119817,
        "INACTIVE": 1,
        "INVALID": 0,
        "MALICIOUS": 0,
        "SANE": 0,
        "VALID": 0,
        "total": 119818
    },
    "percentage": {
        "ACTIVE": 99.99916540085796,
        "INACTIVE": 0.0015060014156413307,
        "INVALID": 0,
        "MALICIOUS": 0,
        "SANE": 0,
        "VALID": 0,
        "total": 100.0006714022736
    }
}