{
    "counter": {
        "ACTIVE": 298253,
        "INACTIVE": 2,
        "INVALID": 0,
        "MALICIOUS": 0,
        "SANE": 0,
        "VALID": 0,
        "total": 298255
    },
    "percentage": {
        "ACTIVE": 99.99932943286785,
        "INACTIVE": 0.0010287060421049384,
        "INVALID": 0,
        "MALICIOUS": 0,
        "SANE": 0,
        "VALID": 0,
        "total": 100.00035813890996
    }
}