{
    "counter": {
        "ACTIVE": 450306,
        "INACTIVE": 2,
        "INVALID": 0,
        "MALICIOUS": 0,
        "SANE": 0,
        "VALID": 0,
        "total": 450308
    },
    "percentage": {
        "ACTIVE": 99.99955585954503,
        "INACTIVE": 0.0010287060421049384,
        "INVALID": 0,
        "MALICIOUS": 0,
        "SANE": 0,
        "VALID": 0,
        "total": 100.00058456558713
    }
}