{
    "counter": {
        "ACTIVE": 355398,
        "INACTIVE": 2,
        "INVALID": 0,
        "MALICIOUS": 0,
        "SANE": 0,
        "VALID": 0,
        "total": 355400
    },
    "percentage": {
        "ACTIVE": 99.99943725379853,
        "INACTIVE": 0.0010287060421049384,
        "INVALID": 0,
        "MALICIOUS": 0,
        "SANE": 0,
        "VALID": 0,
        "total": 100.00046595984064
    }
}