{
    "counter": {
        "ACTIVE": 311551,
        "INACTIVE": 2,
        "INVALID": 0,
        "MALICIOUS": 0,
        "SANE": 0,
        "VALID": 0,
        "total": 311553
    },
    "percentage": {
        "ACTIVE": 99.99935805464881,
        "INACTIVE": 0.0010287060421049384,
        "INVALID": 0,
        "MALICIOUS": 0,
        "SANE": 0,
        "VALID": 0,
        "total": 100.00038676069092
    }
}