{
    "counter": {
        "ACTIVE": 1325,
        "INACTIVE": 1,
        "INVALID": 0,
        "MALICIOUS": 0,
        "SANE": 0,
        "VALID": 0,
        "total": 1326
    },
    "percentage": {
        "ACTIVE": 99.92458521870286,
        "INACTIVE": 0.10482180293501048,
        "INVALID": 0,
        "MALICIOUS": 0,
        "SANE": 0,
        "VALID": 0,
        "total": 100.02940702163787
    }
}