{
    "counter": {
        "ACTIVE": 442107,
        "INACTIVE": 2,
        "INVALID": 0,
        "MALICIOUS": 0,
        "SANE": 0,
        "VALID": 0,
        "total": 442109
    },
    "percentage": {
        "ACTIVE": 99.99954762287128,
        "INACTIVE": 0.0010287060421049384,
        "INVALID": 0,
        "MALICIOUS": 0,
        "SANE": 0,
        "VALID": 0,
        "total": 100.00057632891338
    }
}