{
    "counter": {
        "ACTIVE": 257517,
        "INACTIVE": 2,
        "INVALID": 0,
        "MALICIOUS": 0,
        "SANE": 0,
        "VALID": 0,
        "total": 257519
    },
    "percentage": {
        "ACTIVE": 99.99922335827648,
        "INACTIVE": 0.0010287060421049384,
        "INVALID": 0,
        "MALICIOUS": 0,
        "SANE": 0,
        "VALID": 0,
        "total": 100.00025206431859
    }
}