{
    "counter": {
        "ACTIVE": 1566,
        "INACTIVE": 3,
        "INVALID": 0,
        "MALICIOUS": 0,
        "SANE": 0,
        "VALID": 0,
        "total": 1569
    },
    "percentage": {
        "ACTIVE": 99.80879541108986,
        "INACTIVE": 0.25996533795493937,
        "INVALID": 0,
        "MALICIOUS": 0,
        "SANE": 0,
        "VALID": 0,
        "total": 100.0687607490448
    }
}