{
    "counter": {
        "ACTIVE": 256317,
        "INACTIVE": 2,
        "INVALID": 0,
        "MALICIOUS": 0,
        "SANE": 0,
        "VALID": 0,
        "total": 256319
    },
    "percentage": {
        "ACTIVE": 99.99921972229916,
        "INACTIVE": 0.0010287060421049384,
        "INVALID": 0,
        "MALICIOUS": 0,
        "SANE": 0,
        "VALID": 0,
        "total": 100.00024842834127
    }
}