{
    "counter": {
        "ACTIVE": 88522,
        "INACTIVE": 0,
        "INVALID": 0,
        "MALICIOUS": 0,
        "SANE": 0,
        "VALID": 0,
        "total": 88522
    },
    "percentage": {
        "ACTIVE": 99.99886234357224,
        "INACTIVE": 0.0015060014156413307,
        "INVALID": 0,
        "MALICIOUS": 0,
        "SANE": 0,
        "VALID": 0,
        "total": 100.00036834498788
    }
}