{
    "counter": {
        "ACTIVE": 1120,
        "INACTIVE": 1,
        "INVALID": 0,
        "MALICIOUS": 0,
        "SANE": 0,
        "VALID": 0,
        "total": 1121
    },
    "percentage": {
        "ACTIVE": 99.9107939339875,
        "INACTIVE": 0.12453300124533001,
        "INVALID": 0,
        "MALICIOUS": 0,
        "SANE": 0,
        "VALID": 0,
        "total": 100.03532693523283
    }
}