{
    "counter": {
        "ACTIVE": 443420,
        "INACTIVE": 2,
        "INVALID": 0,
        "MALICIOUS": 0,
        "SANE": 0,
        "VALID": 0,
        "total": 443422
    },
    "percentage": {
        "ACTIVE": 99.99954896238798,
        "INACTIVE": 0.0010287060421049384,
        "INVALID": 0,
        "MALICIOUS": 0,
        "SANE": 0,
        "VALID": 0,
        "total": 100.00057766843008
    }
}