{
    "counter": {
        "ACTIVE": 1385,
        "INACTIVE": 2,
        "INVALID": 0,
        "MALICIOUS": 0,
        "SANE": 0,
        "VALID": 0,
        "total": 1387
    },
    "percentage": {
        "ACTIVE": 99.85580389329488,
        "INACTIVE": 0.49382716049382713,
        "INVALID": 0,
        "MALICIOUS": 0,
        "SANE": 0,
        "VALID": 0,
        "total": 100.3496310537887
    }
}