{
    "counter": {
        "ACTIVE": 385168,
        "INACTIVE": 2,
        "INVALID": 0,
        "MALICIOUS": 0,
        "SANE": 0,
        "VALID": 0,
        "total": 385170
    },
    "percentage": {
        "ACTIVE": 99.99948074876029,
        "INACTIVE": 0.0010287060421049384,
        "INVALID": 0,
        "MALICIOUS": 0,
        "SANE": 0,
        "VALID": 0,
        "total": 100.0005094548024
    }
}