{
    "counter": {
        "ACTIVE": 2217,
        "INACTIVE": 2,
        "INVALID": 0,
        "MALICIOUS": 0,
        "SANE": 0,
        "VALID": 0,
        "total": 2219
    },
    "percentage": {
        "ACTIVE": 99.90986931050023,
        "INACTIVE": 0.1310615989515072,
        "INVALID": 0,
        "MALICIOUS": 0,
        "SANE": 0,
        "VALID": 0,
        "total": 100.04093090945173
    }
}