{
    "counter": {
        "ACTIVE": 634,
        "INACTIVE": 2,
        "INVALID": 0,
        "MALICIOUS": 0,
        "SANE": 0,
        "VALID": 0,
        "total": 636
    },
    "percentage": {
        "ACTIVE": 99.68553459119497,
        "INACTIVE": 0.5263157894736842,
        "INVALID": 0,
        "MALICIOUS": 0,
        "SANE": 0,
        "VALID": 0,
        "total": 100.21185038066865
    }
}