{
    "counter": {
        "ACTIVE": 296863,
        "INACTIVE": 2,
        "INVALID": 0,
        "MALICIOUS": 0,
        "SANE": 0,
        "VALID": 0,
        "total": 296865
    },
    "percentage": {
        "ACTIVE": 99.99932629309619,
        "INACTIVE": 0.0010287060421049384,
        "INVALID": 0,
        "MALICIOUS": 0,
        "SANE": 0,
        "VALID": 0,
        "total": 100.0003549991383
    }
}