{
    "counter": {
        "ACTIVE": 283101,
        "INACTIVE": 2,
        "INVALID": 0,
        "MALICIOUS": 0,
        "SANE": 0,
        "VALID": 0,
        "total": 283103
    },
    "percentage": {
        "ACTIVE": 99.99929354333935,
        "INACTIVE": 0.0010287060421049384,
        "INVALID": 0,
        "MALICIOUS": 0,
        "SANE": 0,
        "VALID": 0,
        "total": 100.00032224938145
    }
}