{
    "counter": {
        "ACTIVE": 1315,
        "INACTIVE": 3,
        "INVALID": 0,
        "MALICIOUS": 0,
        "SANE": 0,
        "VALID": 0,
        "total": 1318
    },
    "percentage": {
        "ACTIVE": 99.77238239757207,
        "INACTIVE": 0.3412969283276451,
        "INVALID": 0,
        "MALICIOUS": 0,
        "SANE": 0,
        "VALID": 0,
        "total": 100.11367932589972
    }
}