{
    "counter": {
        "ACTIVE": 352200,
        "INACTIVE": 2,
        "INVALID": 0,
        "MALICIOUS": 0,
        "SANE": 0,
        "VALID": 0,
        "total": 352202
    },
    "percentage": {
        "ACTIVE": 99.9994321440537,
        "INACTIVE": 0.0010287060421049384,
        "INVALID": 0,
        "MALICIOUS": 0,
        "SANE": 0,
        "VALID": 0,
        "total": 100.0004608500958
    }
}