{
    "counter": {
        "ACTIVE": 2095,
        "INACTIVE": 2,
        "INVALID": 0,
        "MALICIOUS": 0,
        "SANE": 0,
        "VALID": 0,
        "total": 2097
    },
    "percentage": {
        "ACTIVE": 99.90462565569862,
        "INACTIVE": 0.10982976386600769,
        "INVALID": 0,
        "MALICIOUS": 0,
        "SANE": 0,
        "VALID": 0,
        "total": 100.01445541956463
    }
}