{
    "counter": {
        "ACTIVE": 1572,
        "INACTIVE": 3,
        "INVALID": 0,
        "MALICIOUS": 0,
        "SANE": 0,
        "VALID": 0,
        "total": 1575
    },
    "percentage": {
        "ACTIVE": 99.80952380952381,
        "INACTIVE": 0.19455252918287938,
        "INVALID": 0,
        "MALICIOUS": 0,
        "SANE": 0,
        "VALID": 0,
        "total": 100.0040763387067
    }
}