{
    "counter": {
        "ACTIVE": 220707,
        "INACTIVE": 2,
        "INVALID": 0,
        "MALICIOUS": 0,
        "SANE": 0,
        "VALID": 0,
        "total": 220709
    },
    "percentage": {
        "ACTIVE": 99.99909382943152,
        "INACTIVE": 0.0010287060421049384,
        "INVALID": 0,
        "MALICIOUS": 0,
        "SANE": 0,
        "VALID": 0,
        "total": 100.00012253547362
    }
}