{
    "counter": {
        "ACTIVE": 368834,
        "INACTIVE": 2,
        "INVALID": 0,
        "MALICIOUS": 0,
        "SANE": 0,
        "VALID": 0,
        "total": 368836
    },
    "percentage": {
        "ACTIVE": 99.99945775358154,
        "INACTIVE": 0.0010287060421049384,
        "INVALID": 0,
        "MALICIOUS": 0,
        "SANE": 0,
        "VALID": 0,
        "total": 100.00048645962364
    }
}