{
    "counter": {
        "ACTIVE": 204882,
        "INACTIVE": 2,
        "INVALID": 0,
        "MALICIOUS": 0,
        "SANE": 0,
        "VALID": 0,
        "total": 204884
    },
    "percentage": {
        "ACTIVE": 99.999023837879,
        "INACTIVE": 0.001029606330019717,
        "INVALID": 0,
        "MALICIOUS": 0,
        "SANE": 0,
        "VALID": 0,
        "total": 100.00005344420902
    }
}