{
    "counter": {
        "ACTIVE": 406693,
        "INACTIVE": 2,
        "INVALID": 0,
        "MALICIOUS": 0,
        "SANE": 0,
        "VALID": 0,
        "total": 406695
    },
    "percentage": {
        "ACTIVE": 99.9995082309839,
        "INACTIVE": 0.0010287060421049384,
        "INVALID": 0,
        "MALICIOUS": 0,
        "SANE": 0,
        "VALID": 0,
        "total": 100.00053693702601
    }
}