{
    "counter": {
        "ACTIVE": 452310,
        "INACTIVE": 2,
        "INVALID": 0,
        "MALICIOUS": 0,
        "SANE": 0,
        "VALID": 0,
        "total": 452312
    },
    "percentage": {
        "ACTIVE": 99.99955782734042,
        "INACTIVE": 0.0010287060421049384,
        "INVALID": 0,
        "MALICIOUS": 0,
        "SANE": 0,
        "VALID": 0,
        "total": 100.00058653338253
    }
}