{
    "counter": {
        "ACTIVE": 345037,
        "INACTIVE": 2,
        "INVALID": 0,
        "MALICIOUS": 0,
        "SANE": 0,
        "VALID": 0,
        "total": 345039
    },
    "percentage": {
        "ACTIVE": 99.99942035538011,
        "INACTIVE": 0.0010287060421049384,
        "INVALID": 0,
        "MALICIOUS": 0,
        "SANE": 0,
        "VALID": 0,
        "total": 100.00044906142222
    }
}