{
    "counter": {
        "ACTIVE": 303594,
        "INACTIVE": 2,
        "INVALID": 0,
        "MALICIOUS": 0,
        "SANE": 0,
        "VALID": 0,
        "total": 303596
    },
    "percentage": {
        "ACTIVE": 99.99934122979222,
        "INACTIVE": 0.0010287060421049384,
        "INVALID": 0,
        "MALICIOUS": 0,
        "SANE": 0,
        "VALID": 0,
        "total": 100.00036993583433
    }
}