{
    "counter": {
        "ACTIVE": 101090,
        "INACTIVE": 0,
        "INVALID": 0,
        "MALICIOUS": 0,
        "SANE": 0,
        "VALID": 0,
        "total": 101090
    },
    "percentage": {
        "ACTIVE": 99.99900329908004,
        "INACTIVE": 0.0015060014156413307,
        "INVALID": 0,
        "MALICIOUS": 0,
        "SANE": 0,
        "VALID": 0,
        "total": 100.00050930049568
    }
}