{
    "counter": {
        "ACTIVE": 370020,
        "INACTIVE": 2,
        "INVALID": 0,
        "MALICIOUS": 0,
        "SANE": 0,
        "VALID": 0,
        "total": 370022
    },
    "percentage": {
        "ACTIVE": 99.99945949159779,
        "INACTIVE": 0.0010287060421049384,
        "INVALID": 0,
        "MALICIOUS": 0,
        "SANE": 0,
        "VALID": 0,
        "total": 100.0004881976399
    }
}