{
    "counter": {
        "ACTIVE": 834,
        "INACTIVE": 1,
        "INVALID": 0,
        "MALICIOUS": 0,
        "SANE": 0,
        "VALID": 0,
        "total": 835
    },
    "percentage": {
        "ACTIVE": 99.88023952095809,
        "INACTIVE": 0.26455026455026454,
        "INVALID": 0,
        "MALICIOUS": 0,
        "SANE": 0,
        "VALID": 0,
        "total": 100.14478978550835
    }
}