{
    "counter": {
        "ACTIVE": 199863,
        "INACTIVE": 2,
        "INVALID": 0,
        "MALICIOUS": 0,
        "SANE": 0,
        "VALID": 0,
        "total": 199865
    },
    "percentage": {
        "ACTIVE": 99.99899932454407,
        "INACTIVE": 0.001029606330019717,
        "INVALID": 0,
        "MALICIOUS": 0,
        "SANE": 0,
        "VALID": 0,
        "total": 100.0000289308741
    }
}