{
    "counter": {
        "ACTIVE": 286656,
        "INACTIVE": 2,
        "INVALID": 0,
        "MALICIOUS": 0,
        "SANE": 0,
        "VALID": 0,
        "total": 286658
    },
    "percentage": {
        "ACTIVE": 99.99930230448828,
        "INACTIVE": 0.0010287060421049384,
        "INVALID": 0,
        "MALICIOUS": 0,
        "SANE": 0,
        "VALID": 0,
        "total": 100.00033101053039
    }
}