{
    "counter": {
        "ACTIVE": 394822,
        "INACTIVE": 2,
        "INVALID": 0,
        "MALICIOUS": 0,
        "SANE": 0,
        "VALID": 0,
        "total": 394824
    },
    "percentage": {
        "ACTIVE": 99.99949344518063,
        "INACTIVE": 0.0010287060421049384,
        "INVALID": 0,
        "MALICIOUS": 0,
        "SANE": 0,
        "VALID": 0,
        "total": 100.00052215122274
    }
}