{
    "counter": {
        "ACTIVE": 349845,
        "INACTIVE": 2,
        "INVALID": 0,
        "MALICIOUS": 0,
        "SANE": 0,
        "VALID": 0,
        "total": 349847
    },
    "percentage": {
        "ACTIVE": 99.99942832152341,
        "INACTIVE": 0.0010287060421049384,
        "INVALID": 0,
        "MALICIOUS": 0,
        "SANE": 0,
        "VALID": 0,
        "total": 100.00045702756552
    }
}