{
    "counter": {
        "ACTIVE": 597,
        "INACTIVE": 1,
        "INVALID": 0,
        "MALICIOUS": 0,
        "SANE": 0,
        "VALID": 0,
        "total": 598
    },
    "percentage": {
        "ACTIVE": 99.83277591973244,
        "INACTIVE": 0.35714285714285715,
        "INVALID": 0,
        "MALICIOUS": 0,
        "SANE": 0,
        "VALID": 0,
        "total": 100.1899187768753
    }
}