{
    "counter": {
        "ACTIVE": 1766,
        "INACTIVE": 3,
        "INVALID": 0,
        "MALICIOUS": 0,
        "SANE": 0,
        "VALID": 0,
        "total": 1769
    },
    "percentage": {
        "ACTIVE": 99.8304126625212,
        "INACTIVE": 0.195822454308094,
        "INVALID": 0,
        "MALICIOUS": 0,
        "SANE": 0,
        "VALID": 0,
        "total": 100.0262351168293
    }
}