{
    "counter": {
        "ACTIVE": 465417,
        "INACTIVE": 2,
        "INVALID": 0,
        "MALICIOUS": 0,
        "SANE": 0,
        "VALID": 0,
        "total": 465419
    },
    "percentage": {
        "ACTIVE": 99.99957027968347,
        "INACTIVE": 0.0010287060421049384,
        "INVALID": 0,
        "MALICIOUS": 0,
        "SANE": 0,
        "VALID": 0,
        "total": 100.00059898572557
    }
}