{
    "counter": {
        "ACTIVE": 1022,
        "INACTIVE": 1,
        "INVALID": 0,
        "MALICIOUS": 0,
        "SANE": 0,
        "VALID": 0,
        "total": 1023
    },
    "percentage": {
        "ACTIVE": 99.90224828934507,
        "INACTIVE": 0.1152073732718894,
        "INVALID": 0,
        "MALICIOUS": 0,
        "SANE": 0,
        "VALID": 0,
        "total": 100.01745566261695
    }
}