{
    "counter": {
        "ACTIVE": 277699,
        "INACTIVE": 2,
        "INVALID": 0,
        "MALICIOUS": 0,
        "SANE": 0,
        "VALID": 0,
        "total": 277701
    },
    "percentage": {
        "ACTIVE": 99.99927980093697,
        "INACTIVE": 0.0010287060421049384,
        "INVALID": 0,
        "MALICIOUS": 0,
        "SANE": 0,
        "VALID": 0,
        "total": 100.00030850697908
    }
}