{
    "counter": {
        "ACTIVE": 289167,
        "INACTIVE": 2,
        "INVALID": 0,
        "MALICIOUS": 0,
        "SANE": 0,
        "VALID": 0,
        "total": 289169
    },
    "percentage": {
        "ACTIVE": 99.99930836292964,
        "INACTIVE": 0.0010287060421049384,
        "INVALID": 0,
        "MALICIOUS": 0,
        "SANE": 0,
        "VALID": 0,
        "total": 100.00033706897175
    }
}