{
    "counter": {
        "ACTIVE": 281200,
        "INACTIVE": 2,
        "INVALID": 0,
        "MALICIOUS": 0,
        "SANE": 0,
        "VALID": 0,
        "total": 281202
    },
    "percentage": {
        "ACTIVE": 99.9992887675052,
        "INACTIVE": 0.0010287060421049384,
        "INVALID": 0,
        "MALICIOUS": 0,
        "SANE": 0,
        "VALID": 0,
        "total": 100.00031747354731
    }
}