{
    "counter": {
        "ACTIVE": 412532,
        "INACTIVE": 2,
        "INVALID": 0,
        "MALICIOUS": 0,
        "SANE": 0,
        "VALID": 0,
        "total": 412534
    },
    "percentage": {
        "ACTIVE": 99.99951519147513,
        "INACTIVE": 0.0010287060421049384,
        "INVALID": 0,
        "MALICIOUS": 0,
        "SANE": 0,
        "VALID": 0,
        "total": 100.00054389751723
    }
}