{
    "counter": {
        "ACTIVE": 1971,
        "INACTIVE": 1,
        "INVALID": 0,
        "MALICIOUS": 0,
        "SANE": 0,
        "VALID": 0,
        "total": 1972
    },
    "percentage": {
        "ACTIVE": 99.94929006085192,
        "INACTIVE": 0.060204695966285374,
        "INVALID": 0,
        "MALICIOUS": 0,
        "SANE": 0,
        "VALID": 0,
        "total": 100.00949475681821
    }
}