{
    "counter": {
        "ACTIVE": 455776,
        "INACTIVE": 2,
        "INVALID": 0,
        "MALICIOUS": 0,
        "SANE": 0,
        "VALID": 0,
        "total": 455778
    },
    "percentage": {
        "ACTIVE": 99.99956118987753,
        "INACTIVE": 0.0010287060421049384,
        "INVALID": 0,
        "MALICIOUS": 0,
        "SANE": 0,
        "VALID": 0,
        "total": 100.00058989591963
    }
}