{
    "counter": {
        "ACTIVE": 396,
        "INACTIVE": 2,
        "INVALID": 0,
        "MALICIOUS": 0,
        "SANE": 0,
        "VALID": 0,
        "total": 398
    },
    "percentage": {
        "ACTIVE": 99.49748743718592,
        "INACTIVE": 0.6644518272425249,
        "INVALID": 0,
        "MALICIOUS": 0,
        "SANE": 0,
        "VALID": 0,
        "total": 100.16193926442845
    }
}