{
    "counter": {
        "ACTIVE": 120043,
        "INACTIVE": 1,
        "INVALID": 0,
        "MALICIOUS": 0,
        "SANE": 0,
        "VALID": 0,
        "total": 120044
    },
    "percentage": {
        "ACTIVE": 99.99916697211023,
        "INACTIVE": 0.0015060014156413307,
        "INVALID": 0,
        "MALICIOUS": 0,
        "SANE": 0,
        "VALID": 0,
        "total": 100.00067297352587
    }
}