{
    "counter": {
        "ACTIVE": 386539,
        "INACTIVE": 2,
        "INVALID": 0,
        "MALICIOUS": 0,
        "SANE": 0,
        "VALID": 0,
        "total": 386541
    },
    "percentage": {
        "ACTIVE": 99.99948259046259,
        "INACTIVE": 0.0010287060421049384,
        "INVALID": 0,
        "MALICIOUS": 0,
        "SANE": 0,
        "VALID": 0,
        "total": 100.0005112965047
    }
}