{
    "counter": {
        "ACTIVE": 2091,
        "INACTIVE": 2,
        "INVALID": 0,
        "MALICIOUS": 0,
        "SANE": 0,
        "VALID": 0,
        "total": 2093
    },
    "percentage": {
        "ACTIVE": 99.90444338270426,
        "INACTIVE": 0.11160714285714286,
        "INVALID": 0,
        "MALICIOUS": 0,
        "SANE": 0,
        "VALID": 0,
        "total": 100.0160505255614
    }
}