{
    "counter": {
        "ACTIVE": 373719,
        "INACTIVE": 2,
        "INVALID": 0,
        "MALICIOUS": 0,
        "SANE": 0,
        "VALID": 0,
        "total": 373721
    },
    "percentage": {
        "ACTIVE": 99.99946484141914,
        "INACTIVE": 0.0010287060421049384,
        "INVALID": 0,
        "MALICIOUS": 0,
        "SANE": 0,
        "VALID": 0,
        "total": 100.00049354746125
    }
}