{
    "counter": {
        "ACTIVE": 1261,
        "INACTIVE": 4,
        "INVALID": 0,
        "MALICIOUS": 0,
        "SANE": 0,
        "VALID": 0,
        "total": 1265
    },
    "percentage": {
        "ACTIVE": 99.68379446640316,
        "INACTIVE": 0.44052863436123346,
        "INVALID": 0,
        "MALICIOUS": 0,
        "SANE": 0,
        "VALID": 0,
        "total": 100.12432310076439
    }
}