{
    "counter": {
        "ACTIVE": 2086,
        "INACTIVE": 2,
        "INVALID": 0,
        "MALICIOUS": 0,
        "SANE": 0,
        "VALID": 0,
        "total": 2088
    },
    "percentage": {
        "ACTIVE": 99.90421455938697,
        "INACTIVE": 0.0984251968503937,
        "INVALID": 0,
        "MALICIOUS": 0,
        "SANE": 0,
        "VALID": 0,
        "total": 100.00263975623737
    }
}