{
    "counter": {
        "ACTIVE": 401162,
        "INACTIVE": 2,
        "INVALID": 0,
        "MALICIOUS": 0,
        "SANE": 0,
        "VALID": 0,
        "total": 401164
    },
    "percentage": {
        "ACTIVE": 99.99950145077824,
        "INACTIVE": 0.0010287060421049384,
        "INVALID": 0,
        "MALICIOUS": 0,
        "SANE": 0,
        "VALID": 0,
        "total": 100.00053015682035
    }
}