{
    "counter": {
        "ACTIVE": 459379,
        "INACTIVE": 2,
        "INVALID": 0,
        "MALICIOUS": 0,
        "SANE": 0,
        "VALID": 0,
        "total": 459381
    },
    "percentage": {
        "ACTIVE": 99.99956463153678,
        "INACTIVE": 0.0010287060421049384,
        "INVALID": 0,
        "MALICIOUS": 0,
        "SANE": 0,
        "VALID": 0,
        "total": 100.00059333757889
    }
}