{
    "counter": {
        "ACTIVE": 2186,
        "INACTIVE": 1,
        "INVALID": 0,
        "MALICIOUS": 0,
        "SANE": 0,
        "VALID": 0,
        "total": 2187
    },
    "percentage": {
        "ACTIVE": 99.95427526291724,
        "INACTIVE": 0.10427528675703858,
        "INVALID": 0,
        "MALICIOUS": 0,
        "SANE": 0,
        "VALID": 0,
        "total": 100.05855054967428
    }
}