{
    "counter": {
        "ACTIVE": 316004,
        "INACTIVE": 2,
        "INVALID": 0,
        "MALICIOUS": 0,
        "SANE": 0,
        "VALID": 0,
        "total": 316006
    },
    "percentage": {
        "ACTIVE": 99.99936710062467,
        "INACTIVE": 0.0010287060421049384,
        "INVALID": 0,
        "MALICIOUS": 0,
        "SANE": 0,
        "VALID": 0,
        "total": 100.00039580666677
    }
}