{
    "counter": {
        "ACTIVE": 365017,
        "INACTIVE": 2,
        "INVALID": 0,
        "MALICIOUS": 0,
        "SANE": 0,
        "VALID": 0,
        "total": 365019
    },
    "percentage": {
        "ACTIVE": 99.99945208331621,
        "INACTIVE": 0.0010287060421049384,
        "INVALID": 0,
        "MALICIOUS": 0,
        "SANE": 0,
        "VALID": 0,
        "total": 100.00048078935832
    }
}