{
    "counter": {
        "ACTIVE": 323,
        "INACTIVE": 2,
        "INVALID": 0,
        "MALICIOUS": 0,
        "SANE": 0,
        "VALID": 0,
        "total": 325
    },
    "percentage": {
        "ACTIVE": 99.38461538461539,
        "INACTIVE": 2.0618556701030926,
        "INVALID": 0,
        "MALICIOUS": 0,
        "SANE": 0,
        "VALID": 0,
        "total": 101.44647105471847
    }
}