{
    "counter": {
        "ACTIVE": 356899,
        "INACTIVE": 2,
        "INVALID": 0,
        "MALICIOUS": 0,
        "SANE": 0,
        "VALID": 0,
        "total": 356901
    },
    "percentage": {
        "ACTIVE": 99.99943962051101,
        "INACTIVE": 0.0010287060421049384,
        "INVALID": 0,
        "MALICIOUS": 0,
        "SANE": 0,
        "VALID": 0,
        "total": 100.00046832655312
    }
}