{
    "counter": {
        "ACTIVE": 374082,
        "INACTIVE": 2,
        "INVALID": 0,
        "MALICIOUS": 0,
        "SANE": 0,
        "VALID": 0,
        "total": 374084
    },
    "percentage": {
        "ACTIVE": 99.99946536072112,
        "INACTIVE": 0.0010287060421049384,
        "INVALID": 0,
        "MALICIOUS": 0,
        "SANE": 0,
        "VALID": 0,
        "total": 100.00049406676322
    }
}