{
    "counter": {
        "ACTIVE": 1722,
        "INACTIVE": 2,
        "INVALID": 0,
        "MALICIOUS": 0,
        "SANE": 0,
        "VALID": 0,
        "total": 1724
    },
    "percentage": {
        "ACTIVE": 99.88399071925754,
        "INACTIVE": 0.11702750146284377,
        "INVALID": 0,
        "MALICIOUS": 0,
        "SANE": 0,
        "VALID": 0,
        "total": 100.00101822072038
    }
}