{
    "counter": {
        "ACTIVE": 309139,
        "INACTIVE": 2,
        "INVALID": 0,
        "MALICIOUS": 0,
        "SANE": 0,
        "VALID": 0,
        "total": 309141
    },
    "percentage": {
        "ACTIVE": 99.99935304602107,
        "INACTIVE": 0.0010287060421049384,
        "INVALID": 0,
        "MALICIOUS": 0,
        "SANE": 0,
        "VALID": 0,
        "total": 100.00038175206318
    }
}