{
    "counter": {
        "ACTIVE": 297834,
        "INACTIVE": 2,
        "INVALID": 0,
        "MALICIOUS": 0,
        "SANE": 0,
        "VALID": 0,
        "total": 297836
    },
    "percentage": {
        "ACTIVE": 99.9993284895043,
        "INACTIVE": 0.0010287060421049384,
        "INVALID": 0,
        "MALICIOUS": 0,
        "SANE": 0,
        "VALID": 0,
        "total": 100.0003571955464
    }
}