{
    "counter": {
        "ACTIVE": 464220,
        "INACTIVE": 2,
        "INVALID": 0,
        "MALICIOUS": 0,
        "SANE": 0,
        "VALID": 0,
        "total": 464222
    },
    "percentage": {
        "ACTIVE": 99.99956917164633,
        "INACTIVE": 0.0010287060421049384,
        "INVALID": 0,
        "MALICIOUS": 0,
        "SANE": 0,
        "VALID": 0,
        "total": 100.00059787768843
    }
}