{
    "counter": {
        "ACTIVE": 379030,
        "INACTIVE": 2,
        "INVALID": 0,
        "MALICIOUS": 0,
        "SANE": 0,
        "VALID": 0,
        "total": 379032
    },
    "percentage": {
        "ACTIVE": 99.99947234006628,
        "INACTIVE": 0.0010287060421049384,
        "INVALID": 0,
        "MALICIOUS": 0,
        "SANE": 0,
        "VALID": 0,
        "total": 100.00050104610838
    }
}