{
    "counter": {
        "ACTIVE": 2149,
        "INACTIVE": 4,
        "INVALID": 0,
        "MALICIOUS": 0,
        "SANE": 0,
        "VALID": 0,
        "total": 2153
    },
    "percentage": {
        "ACTIVE": 99.81421272642824,
        "INACTIVE": 0.186219739292365,
        "INVALID": 0,
        "MALICIOUS": 0,
        "SANE": 0,
        "VALID": 0,
        "total": 100.0004324657206
    }
}