{
    "counter": {
        "ACTIVE": 206667,
        "INACTIVE": 2,
        "INVALID": 0,
        "MALICIOUS": 0,
        "SANE": 0,
        "VALID": 0,
        "total": 206669
    },
    "percentage": {
        "ACTIVE": 99.99903226899052,
        "INACTIVE": 0.001029606330019717,
        "INVALID": 0,
        "MALICIOUS": 0,
        "SANE": 0,
        "VALID": 0,
        "total": 100.00006187532054
    }
}