{
    "counter": {
        "ACTIVE": 2053,
        "INACTIVE": 4,
        "INVALID": 0,
        "MALICIOUS": 0,
        "SANE": 0,
        "VALID": 0,
        "total": 2057
    },
    "percentage": {
        "ACTIVE": 99.80554205153136,
        "INACTIVE": 1.9900497512437811,
        "INVALID": 0,
        "MALICIOUS": 0,
        "SANE": 0,
        "VALID": 0,
        "total": 101.79559180277515
    }
}