{
    "counter": {
        "ACTIVE": 2197,
        "INACTIVE": 1,
        "INVALID": 0,
        "MALICIOUS": 0,
        "SANE": 0,
        "VALID": 0,
        "total": 2198
    },
    "percentage": {
        "ACTIVE": 99.95450409463149,
        "INACTIVE": 0.1044932079414838,
        "INVALID": 0,
        "MALICIOUS": 0,
        "SANE": 0,
        "VALID": 0,
        "total": 100.05899730257298
    }
}