{
    "counter": {
        "ACTIVE": 396927,
        "INACTIVE": 2,
        "INVALID": 0,
        "MALICIOUS": 0,
        "SANE": 0,
        "VALID": 0,
        "total": 396929
    },
    "percentage": {
        "ACTIVE": 99.99949613154998,
        "INACTIVE": 0.0010287060421049384,
        "INVALID": 0,
        "MALICIOUS": 0,
        "SANE": 0,
        "VALID": 0,
        "total": 100.00052483759208
    }
}