{
    "counter": {
        "ACTIVE": 461353,
        "INACTIVE": 2,
        "INVALID": 0,
        "MALICIOUS": 0,
        "SANE": 0,
        "VALID": 0,
        "total": 461355
    },
    "percentage": {
        "ACTIVE": 99.99956649434817,
        "INACTIVE": 0.0010287060421049384,
        "INVALID": 0,
        "MALICIOUS": 0,
        "SANE": 0,
        "VALID": 0,
        "total": 100.00059520039028
    }
}