{
    "counter": {
        "ACTIVE": 324756,
        "INACTIVE": 2,
        "INVALID": 0,
        "MALICIOUS": 0,
        "SANE": 0,
        "VALID": 0,
        "total": 324758
    },
    "percentage": {
        "ACTIVE": 99.99938415681831,
        "INACTIVE": 0.0010287060421049384,
        "INVALID": 0,
        "MALICIOUS": 0,
        "SANE": 0,
        "VALID": 0,
        "total": 100.00041286286041
    }
}