{
    "counter": {
        "ACTIVE": 1397,
        "INACTIVE": 1,
        "INVALID": 0,
        "MALICIOUS": 0,
        "SANE": 0,
        "VALID": 0,
        "total": 1398
    },
    "percentage": {
        "ACTIVE": 99.92846924177397,
        "INACTIVE": 0.11363636363636363,
        "INVALID": 0,
        "MALICIOUS": 0,
        "SANE": 0,
        "VALID": 0,
        "total": 100.04210560541033
    }
}