{
    "counter": {
        "ACTIVE": 353347,
        "INACTIVE": 2,
        "INVALID": 0,
        "MALICIOUS": 0,
        "SANE": 0,
        "VALID": 0,
        "total": 353349
    },
    "percentage": {
        "ACTIVE": 99.99943398736094,
        "INACTIVE": 0.0010287060421049384,
        "INVALID": 0,
        "MALICIOUS": 0,
        "SANE": 0,
        "VALID": 0,
        "total": 100.00046269340305
    }
}