{
    "counter": {
        "ACTIVE": 323096,
        "INACTIVE": 2,
        "INVALID": 0,
        "MALICIOUS": 0,
        "SANE": 0,
        "VALID": 0,
        "total": 323098
    },
    "percentage": {
        "ACTIVE": 99.9993809927638,
        "INACTIVE": 0.0010287060421049384,
        "INVALID": 0,
        "MALICIOUS": 0,
        "SANE": 0,
        "VALID": 0,
        "total": 100.00040969880591
    }
}