{
    "counter": {
        "ACTIVE": 279271,
        "INACTIVE": 2,
        "INVALID": 0,
        "MALICIOUS": 0,
        "SANE": 0,
        "VALID": 0,
        "total": 279273
    },
    "percentage": {
        "ACTIVE": 99.99928385486602,
        "INACTIVE": 0.0010287060421049384,
        "INVALID": 0,
        "MALICIOUS": 0,
        "SANE": 0,
        "VALID": 0,
        "total": 100.00031256090813
    }
}