{
    "counter": {
        "ACTIVE": 338338,
        "INACTIVE": 2,
        "INVALID": 0,
        "MALICIOUS": 0,
        "SANE": 0,
        "VALID": 0,
        "total": 338340
    },
    "percentage": {
        "ACTIVE": 99.99940887864278,
        "INACTIVE": 0.0010287060421049384,
        "INVALID": 0,
        "MALICIOUS": 0,
        "SANE": 0,
        "VALID": 0,
        "total": 100.00043758468489
    }
}