{
    "counter": {
        "ACTIVE": 413299,
        "INACTIVE": 2,
        "INVALID": 0,
        "MALICIOUS": 0,
        "SANE": 0,
        "VALID": 0,
        "total": 413301
    },
    "percentage": {
        "ACTIVE": 99.9995160911781,
        "INACTIVE": 0.0010287060421049384,
        "INVALID": 0,
        "MALICIOUS": 0,
        "SANE": 0,
        "VALID": 0,
        "total": 100.0005447972202
    }
}