{
    "counter": {
        "ACTIVE": 1312,
        "INACTIVE": 1,
        "INVALID": 0,
        "MALICIOUS": 0,
        "SANE": 0,
        "VALID": 0,
        "total": 1313
    },
    "percentage": {
        "ACTIVE": 99.92383853769992,
        "INACTIVE": 1.3157894736842106,
        "INVALID": 0,
        "MALICIOUS": 0,
        "SANE": 0,
        "VALID": 0,
        "total": 101.23962801138413
    }
}