{
    "counter": {
        "ACTIVE": 418108,
        "INACTIVE": 2,
        "INVALID": 0,
        "MALICIOUS": 0,
        "SANE": 0,
        "VALID": 0,
        "total": 418110
    },
    "percentage": {
        "ACTIVE": 99.99952165698022,
        "INACTIVE": 0.0010287060421049384,
        "INVALID": 0,
        "MALICIOUS": 0,
        "SANE": 0,
        "VALID": 0,
        "total": 100.00055036302233
    }
}