{
    "counter": {
        "ACTIVE": 1427,
        "INACTIVE": 2,
        "INVALID": 0,
        "MALICIOUS": 0,
        "SANE": 0,
        "VALID": 0,
        "total": 1429
    },
    "percentage": {
        "ACTIVE": 99.86004198740378,
        "INACTIVE": 0.2094240837696335,
        "INVALID": 0,
        "MALICIOUS": 0,
        "SANE": 0,
        "VALID": 0,
        "total": 100.06946607117341
    }
}