{
    "counter": {
        "ACTIVE": 1803,
        "INACTIVE": 1,
        "INVALID": 0,
        "MALICIOUS": 0,
        "SANE": 0,
        "VALID": 0,
        "total": 1804
    },
    "percentage": {
        "ACTIVE": 99.94456762749445,
        "INACTIVE": 0.15408320493066255,
        "INVALID": 0,
        "MALICIOUS": 0,
        "SANE": 0,
        "VALID": 0,
        "total": 100.09865083242511
    }
}