{
    "counter": {
        "ACTIVE": 1672,
        "INACTIVE": 4,
        "INVALID": 0,
        "MALICIOUS": 0,
        "SANE": 0,
        "VALID": 0,
        "total": 1676
    },
    "percentage": {
        "ACTIVE": 99.76133651551312,
        "INACTIVE": 0.24706609017912293,
        "INVALID": 0,
        "MALICIOUS": 0,
        "SANE": 0,
        "VALID": 0,
        "total": 100.00840260569224
    }
}