{
    "counter": {
        "ACTIVE": 375290,
        "INACTIVE": 2,
        "INVALID": 0,
        "MALICIOUS": 0,
        "SANE": 0,
        "VALID": 0,
        "total": 375292
    },
    "percentage": {
        "ACTIVE": 99.99946708163243,
        "INACTIVE": 0.0010287060421049384,
        "INVALID": 0,
        "MALICIOUS": 0,
        "SANE": 0,
        "VALID": 0,
        "total": 100.00049578767454
    }
}