{
    "counter": {
        "ACTIVE": 2087,
        "INACTIVE": 1,
        "INVALID": 0,
        "MALICIOUS": 0,
        "SANE": 0,
        "VALID": 0,
        "total": 2088
    },
    "percentage": {
        "ACTIVE": 99.9521072796935,
        "INACTIVE": 0.35714285714285715,
        "INVALID": 0,
        "MALICIOUS": 0,
        "SANE": 0,
        "VALID": 0,
        "total": 100.30925013683635
    }
}