{
    "counter": {
        "ACTIVE": 182,
        "INACTIVE": 1,
        "INVALID": 0,
        "MALICIOUS": 0,
        "SANE": 0,
        "VALID": 0,
        "total": 183
    },
    "percentage": {
        "ACTIVE": 99.4535519125683,
        "INACTIVE": 1.3888888888888888,
        "INVALID": 0,
        "MALICIOUS": 0,
        "SANE": 0,
        "VALID": 0,
        "total": 100.84244080145719
    }
}