{
    "counter": {
        "ACTIVE": 1057,
        "INACTIVE": 2,
        "INVALID": 0,
        "MALICIOUS": 0,
        "SANE": 0,
        "VALID": 0,
        "total": 1059
    },
    "percentage": {
        "ACTIVE": 99.81114258734655,
        "INACTIVE": 0.22805017103762829,
        "INVALID": 0,
        "MALICIOUS": 0,
        "SANE": 0,
        "VALID": 0,
        "total": 100.03919275838417
    }
}