{
    "counter": {
        "ACTIVE": 1034,
        "INACTIVE": 6,
        "INVALID": 0,
        "MALICIOUS": 0,
        "SANE": 0,
        "VALID": 0,
        "total": 1040
    },
    "percentage": {
        "ACTIVE": 99.42307692307692,
        "INACTIVE": 0.9819967266775778,
        "INVALID": 0,
        "MALICIOUS": 0,
        "SANE": 0,
        "VALID": 0,
        "total": 100.4050736497545
    }
}