{
    "counter": {
        "ACTIVE": 386174,
        "INACTIVE": 2,
        "INVALID": 0,
        "MALICIOUS": 0,
        "SANE": 0,
        "VALID": 0,
        "total": 386176
    },
    "percentage": {
        "ACTIVE": 99.99948210142526,
        "INACTIVE": 0.0010287060421049384,
        "INVALID": 0,
        "MALICIOUS": 0,
        "SANE": 0,
        "VALID": 0,
        "total": 100.00051080746736
    }
}