{
    "counter": {
        "ACTIVE": 1031,
        "INACTIVE": 1,
        "INVALID": 0,
        "MALICIOUS": 0,
        "SANE": 0,
        "VALID": 0,
        "total": 1032
    },
    "percentage": {
        "ACTIVE": 99.90310077519379,
        "INACTIVE": 1.3888888888888888,
        "INVALID": 0,
        "MALICIOUS": 0,
        "SANE": 0,
        "VALID": 0,
        "total": 101.29198966408268
    }
}