{
    "counter": {
        "ACTIVE": 266956,
        "INACTIVE": 2,
        "INVALID": 0,
        "MALICIOUS": 0,
        "SANE": 0,
        "VALID": 0,
        "total": 266958
    },
    "percentage": {
        "ACTIVE": 99.9992508184808,
        "INACTIVE": 0.0010287060421049384,
        "INVALID": 0,
        "MALICIOUS": 0,
        "SANE": 0,
        "VALID": 0,
        "total": 100.00027952452291
    }
}