{
    "counter": {
        "ACTIVE": 1781,
        "INACTIVE": 2,
        "INVALID": 0,
        "MALICIOUS": 0,
        "SANE": 0,
        "VALID": 0,
        "total": 1783
    },
    "percentage": {
        "ACTIVE": 99.88782950084128,
        "INACTIVE": 0.11668611435239207,
        "INVALID": 0,
        "MALICIOUS": 0,
        "SANE": 0,
        "VALID": 0,
        "total": 100.00451561519367
    }
}