{
    "counter": {
        "ACTIVE": 444465,
        "INACTIVE": 2,
        "INVALID": 0,
        "MALICIOUS": 0,
        "SANE": 0,
        "VALID": 0,
        "total": 444467
    },
    "percentage": {
        "ACTIVE": 99.99955002283635,
        "INACTIVE": 0.0010287060421049384,
        "INVALID": 0,
        "MALICIOUS": 0,
        "SANE": 0,
        "VALID": 0,
        "total": 100.00057872887845
    }
}