{
    "counter": {
        "ACTIVE": 1777,
        "INACTIVE": 5,
        "INVALID": 0,
        "MALICIOUS": 0,
        "SANE": 0,
        "VALID": 0,
        "total": 1782
    },
    "percentage": {
        "ACTIVE": 99.71941638608305,
        "INACTIVE": 0.35014005602240894,
        "INVALID": 0,
        "MALICIOUS": 0,
        "SANE": 0,
        "VALID": 0,
        "total": 100.06955644210547
    }
}