{
    "counter": {
        "ACTIVE": 2235,
        "INACTIVE": 1,
        "INVALID": 0,
        "MALICIOUS": 0,
        "SANE": 0,
        "VALID": 0,
        "total": 2236
    },
    "percentage": {
        "ACTIVE": 99.95527728085868,
        "INACTIVE": 0.04623208506703652,
        "INVALID": 0,
        "MALICIOUS": 0,
        "SANE": 0,
        "VALID": 0,
        "total": 100.00150936592571
    }
}