{
    "counter": {
        "ACTIVE": 197200,
        "INACTIVE": 2,
        "INVALID": 0,
        "MALICIOUS": 0,
        "SANE": 0,
        "VALID": 0,
        "total": 197202
    },
    "percentage": {
        "ACTIVE": 99.99898581150292,
        "INACTIVE": 0.0010287060421049384,
        "INVALID": 0,
        "MALICIOUS": 0,
        "SANE": 0,
        "VALID": 0,
        "total": 100.00001451754503
    }
}