{
    "counter": {
        "ACTIVE": 2213,
        "INACTIVE": 3,
        "INVALID": 0,
        "MALICIOUS": 0,
        "SANE": 0,
        "VALID": 0,
        "total": 2216
    },
    "percentage": {
        "ACTIVE": 99.86462093862816,
        "INACTIVE": 0.15698587127158556,
        "INVALID": 0,
        "MALICIOUS": 0,
        "SANE": 0,
        "VALID": 0,
        "total": 100.02160680989975
    }
}