{
    "counter": {
        "ACTIVE": 358327,
        "INACTIVE": 2,
        "INVALID": 0,
        "MALICIOUS": 0,
        "SANE": 0,
        "VALID": 0,
        "total": 358329
    },
    "percentage": {
        "ACTIVE": 99.99944185371544,
        "INACTIVE": 0.0010287060421049384,
        "INVALID": 0,
        "MALICIOUS": 0,
        "SANE": 0,
        "VALID": 0,
        "total": 100.00047055975755
    }
}