{
    "counter": {
        "ACTIVE": 95921,
        "INACTIVE": 1,
        "INVALID": 0,
        "MALICIOUS": 0,
        "SANE": 0,
        "VALID": 0,
        "total": 95922
    },
    "percentage": {
        "ACTIVE": 99.99895748629095,
        "INACTIVE": 0.0015060014156413307,
        "INVALID": 0,
        "MALICIOUS": 0,
        "SANE": 0,
        "VALID": 0,
        "total": 100.00046348770658
    }
}