{
    "counter": {
        "ACTIVE": 279682,
        "INACTIVE": 2,
        "INVALID": 0,
        "MALICIOUS": 0,
        "SANE": 0,
        "VALID": 0,
        "total": 279684
    },
    "percentage": {
        "ACTIVE": 99.99928490725247,
        "INACTIVE": 0.0010287060421049384,
        "INVALID": 0,
        "MALICIOUS": 0,
        "SANE": 0,
        "VALID": 0,
        "total": 100.00031361329458
    }
}