{
    "counter": {
        "ACTIVE": 284133,
        "INACTIVE": 2,
        "INVALID": 0,
        "MALICIOUS": 0,
        "SANE": 0,
        "VALID": 0,
        "total": 284135
    },
    "percentage": {
        "ACTIVE": 99.99929610924384,
        "INACTIVE": 0.0010287060421049384,
        "INVALID": 0,
        "MALICIOUS": 0,
        "SANE": 0,
        "VALID": 0,
        "total": 100.00032481528595
    }
}