{
    "counter": {
        "ACTIVE": 412409,
        "INACTIVE": 2,
        "INVALID": 0,
        "MALICIOUS": 0,
        "SANE": 0,
        "VALID": 0,
        "total": 412411
    },
    "percentage": {
        "ACTIVE": 99.99951504688285,
        "INACTIVE": 0.0010287060421049384,
        "INVALID": 0,
        "MALICIOUS": 0,
        "SANE": 0,
        "VALID": 0,
        "total": 100.00054375292495
    }
}