{
    "counter": {
        "ACTIVE": 377,
        "INACTIVE": 1,
        "INVALID": 0,
        "MALICIOUS": 0,
        "SANE": 0,
        "VALID": 0,
        "total": 378
    },
    "percentage": {
        "ACTIVE": 99.73544973544973,
        "INACTIVE": 1.3888888888888888,
        "INVALID": 0,
        "MALICIOUS": 0,
        "SANE": 0,
        "VALID": 0,
        "total": 101.12433862433862
    }
}