{
    "counter": {
        "ACTIVE": 2185,
        "INACTIVE": 3,
        "INVALID": 0,
        "MALICIOUS": 0,
        "SANE": 0,
        "VALID": 0,
        "total": 2188
    },
    "percentage": {
        "ACTIVE": 99.86288848263254,
        "INACTIVE": 0.16703786191536749,
        "INVALID": 0,
        "MALICIOUS": 0,
        "SANE": 0,
        "VALID": 0,
        "total": 100.0299263445479
    }
}