{
    "counter": {
        "ACTIVE": 401654,
        "INACTIVE": 2,
        "INVALID": 0,
        "MALICIOUS": 0,
        "SANE": 0,
        "VALID": 0,
        "total": 401656
    },
    "percentage": {
        "ACTIVE": 99.99950206146553,
        "INACTIVE": 0.0010287060421049384,
        "INVALID": 0,
        "MALICIOUS": 0,
        "SANE": 0,
        "VALID": 0,
        "total": 100.00053076750764
    }
}