{
    "counter": {
        "ACTIVE": 330767,
        "INACTIVE": 2,
        "INVALID": 0,
        "MALICIOUS": 0,
        "SANE": 0,
        "VALID": 0,
        "total": 330769
    },
    "percentage": {
        "ACTIVE": 99.99939534841536,
        "INACTIVE": 0.0010287060421049384,
        "INVALID": 0,
        "MALICIOUS": 0,
        "SANE": 0,
        "VALID": 0,
        "total": 100.00042405445747
    }
}