{
    "counter": {
        "ACTIVE": 1789,
        "INACTIVE": 2,
        "INVALID": 0,
        "MALICIOUS": 0,
        "SANE": 0,
        "VALID": 0,
        "total": 1791
    },
    "percentage": {
        "ACTIVE": 99.88833054159687,
        "INACTIVE": 0.16326530612244897,
        "INVALID": 0,
        "MALICIOUS": 0,
        "SANE": 0,
        "VALID": 0,
        "total": 100.05159584771933
    }
}