{
    "counter": {
        "ACTIVE": 322173,
        "INACTIVE": 2,
        "INVALID": 0,
        "MALICIOUS": 0,
        "SANE": 0,
        "VALID": 0,
        "total": 322175
    },
    "percentage": {
        "ACTIVE": 99.99937921936835,
        "INACTIVE": 0.0010287060421049384,
        "INVALID": 0,
        "MALICIOUS": 0,
        "SANE": 0,
        "VALID": 0,
        "total": 100.00040792541046
    }
}