{
    "counter": {
        "ACTIVE": 296963,
        "INACTIVE": 2,
        "INVALID": 0,
        "MALICIOUS": 0,
        "SANE": 0,
        "VALID": 0,
        "total": 296965
    },
    "percentage": {
        "ACTIVE": 99.99932651996026,
        "INACTIVE": 0.0010287060421049384,
        "INVALID": 0,
        "MALICIOUS": 0,
        "SANE": 0,
        "VALID": 0,
        "total": 100.00035522600237
    }
}