{
    "counter": {
        "ACTIVE": 1753,
        "INACTIVE": 1,
        "INVALID": 0,
        "MALICIOUS": 0,
        "SANE": 0,
        "VALID": 0,
        "total": 1754
    },
    "percentage": {
        "ACTIVE": 99.94298745724059,
        "INACTIVE": 0.32786885245901637,
        "INVALID": 0,
        "MALICIOUS": 0,
        "SANE": 0,
        "VALID": 0,
        "total": 100.27085630969961
    }
}