{
    "counter": {
        "ACTIVE": 259985,
        "INACTIVE": 2,
        "INVALID": 0,
        "MALICIOUS": 0,
        "SANE": 0,
        "VALID": 0,
        "total": 259987
    },
    "percentage": {
        "ACTIVE": 99.99923073076731,
        "INACTIVE": 0.0010287060421049384,
        "INVALID": 0,
        "MALICIOUS": 0,
        "SANE": 0,
        "VALID": 0,
        "total": 100.00025943680942
    }
}