{
    "counter": {
        "ACTIVE": 2081,
        "INACTIVE": 3,
        "INVALID": 0,
        "MALICIOUS": 0,
        "SANE": 0,
        "VALID": 0,
        "total": 2084
    },
    "percentage": {
        "ACTIVE": 99.85604606525912,
        "INACTIVE": 0.1485148514851485,
        "INVALID": 0,
        "MALICIOUS": 0,
        "SANE": 0,
        "VALID": 0,
        "total": 100.00456091674427
    }
}