{
    "counter": {
        "ACTIVE": 752,
        "INACTIVE": 1,
        "INVALID": 0,
        "MALICIOUS": 0,
        "SANE": 0,
        "VALID": 0,
        "total": 753
    },
    "percentage": {
        "ACTIVE": 99.867197875166,
        "INACTIVE": 0.35587188612099646,
        "INVALID": 0,
        "MALICIOUS": 0,
        "SANE": 0,
        "VALID": 0,
        "total": 100.223069761287
    }
}