{
    "counter": {
        "ACTIVE": 388250,
        "INACTIVE": 2,
        "INVALID": 0,
        "MALICIOUS": 0,
        "SANE": 0,
        "VALID": 0,
        "total": 388252
    },
    "percentage": {
        "ACTIVE": 99.99948487065102,
        "INACTIVE": 0.0010287060421049384,
        "INVALID": 0,
        "MALICIOUS": 0,
        "SANE": 0,
        "VALID": 0,
        "total": 100.00051357669312
    }
}