{
    "counter": {
        "ACTIVE": 1220,
        "INACTIVE": 3,
        "INVALID": 0,
        "MALICIOUS": 0,
        "SANE": 0,
        "VALID": 0,
        "total": 1223
    },
    "percentage": {
        "ACTIVE": 99.75470155355683,
        "INACTIVE": 0.9230769230769231,
        "INVALID": 0,
        "MALICIOUS": 0,
        "SANE": 0,
        "VALID": 0,
        "total": 100.67777847663375
    }
}