{
    "counter": {
        "ACTIVE": 360920,
        "INACTIVE": 2,
        "INVALID": 0,
        "MALICIOUS": 0,
        "SANE": 0,
        "VALID": 0,
        "total": 360922
    },
    "percentage": {
        "ACTIVE": 99.99944586364921,
        "INACTIVE": 0.0010287060421049384,
        "INVALID": 0,
        "MALICIOUS": 0,
        "SANE": 0,
        "VALID": 0,
        "total": 100.00047456969132
    }
}