{
    "counter": {
        "ACTIVE": 1841,
        "INACTIVE": 1,
        "INVALID": 0,
        "MALICIOUS": 0,
        "SANE": 0,
        "VALID": 0,
        "total": 1842
    },
    "percentage": {
        "ACTIVE": 99.9457111834962,
        "INACTIVE": 0.35714285714285715,
        "INVALID": 0,
        "MALICIOUS": 0,
        "SANE": 0,
        "VALID": 0,
        "total": 100.30285404063906
    }
}